id,popularity,danceability,energy,key,loudness,mode,speechiness,acousticness,instrumentalness,liveness,valence,tempo,duration_ms,time_signature
7lQ8MOhq6IN2w8EYcFNSUk,88,0.908,0.669,7,-2.827,1,0.0738,0.00286,0,0.237,0.662,112.238,290320,4
4xkOaSrkexMciUUogZKVTS,85,0.548,0.847,1,-3.237,1,0.186,0.0622,0,0.0816,0.1,171.447,297787,4
1AWQoqb9bSvzTjaLralEkT,81,0.892,0.714,4,-6.055,0,0.141,0.201,0.000234,0.0521,0.817,100.972,267267,4
3ZOEytgrvLwQaqXreDs2Jx,83,0.618,0.938,9,-3.442,1,0.0456,0.0179,0,0.167,0.875,91.455,269000,4
4woTEX1wYOTGDqNXuavlRC,86,0.802,0.755,4,-3.138,0,0.0564,0.0215,0,0.295,0.58,130.027,350320,4
04KTF78FFg8sOHC1BADqbY,78,0.956,0.745,11,-4.753,0,0.12,0.206,0,0.0615,0.912,107.075,228240,4
0r2Bul2NuCViraT2zX1l5j,76,0.521,0.625,1,-7.47,1,0.067,0.0301,0,0.121,0.136,101.019,334067,4
75JFxkI2RXiU7L9VXzMkle,85,0.557,0.442,5,-7.224,1,0.0243,0.731,1.46e-05,0.11,0.213,146.277,309600,4
6ECp64rv50XVz93WvxXMGF,82,0.712,0.862,5,-4.612,0,0.0378,0.0525,0,0.093,0.809,95.051,206200,4
1AEYT6VxrxXPMoQUxsY0E4,74,0.492,0.896,4,-5.819,0,0.117,0.000172,2.78e-06,0.189,0.534,184.981,285570,4
6zMUIb4uce1CzpbjR3vMdN,75,0.665,0.695,0,-5.763,1,0.0532,0.347,0,0.106,0.707,90.119,227387,4
1gyee1JuFFiP476LQpRMYU,72,0.509,0.843,1,-3.318,0,0.0488,0.000671,0.000803,0.348,0.332,140.055,238400,3
5xEM5hIgJ1jjgcEBfpkt2F,80,0.585,0.776,5,-5.898,1,0.0459,0.0572,7.74e-06,0.3,0.427,77.987,244507,4
0BRHnOFm6sjxN1i9LJrUDu,75,0.494,0.939,1,-3.127,1,0.126,0.00666,0,0.139,0.893,177.751,175093,4
00Mb3DuaIH1kjrwOku9CGU,77,0.487,0.9,0,-4.417,1,0.0482,6.79e-05,0,0.358,0.484,149.937,204000,4
0ARK753YaiJbpLUk7z5yIM,79,0.727,0.552,2,-8.074,0,0.14,0.227,0.000164,0.198,0.607,168.189,289160,4
0BCPKOYdS2jbQ8iyB56Zns,83,0.577,0.749,5,-7.215,0,0.0279,0.599,0.0115,0.183,0.255,130.97,307880,4
3YuaBvuZqcwN3CEAyyoaei,79,0.614,0.568,7,-5.477,0,0.0276,0.00797,0,0.0997,0.516,107.849,293960,4
4llK75pXNWZz6KAho2Gp16,81,0.651,0.663,0,-5.569,0,0.0281,0.228,0,0.0994,0.465,102.0,259453,4
1h2xVEoJORqrg71HocgqXd,76,0.633,0.634,8,-12.115,1,0.0725,0.038,0.0064,0.0385,0.872,100.499,245493,4
0M7mWKqwTIaVjYyxfZmtTa,70,0.424,0.661,2,-5.547,1,0.0425,0.521,1.62e-06,0.0719,0.384,111.762,195533,4
3NLrRZoMF0Lx6zTlYqeIo4,77,0.557,0.533,10,-6.817,0,0.0252,0.0492,0,0.205,0.233,143.994,238733,4
5qII2n90lVdPDcgXEEVHNy,76,0.608,0.768,0,-5.227,1,0.0475,0.0913,0,0.0629,0.809,88.059,244880,4
3PqAnW2bB5TQnMoBivyFOb,71,0.85,0.657,9,-7.078,0,0.166,0.14,0.0192,0.0939,0.843,137.971,265667,4
4w1lzcaoZ1IC2K5TwjalRP,78,0.56,0.825,11,-3.862,1,0.0379,0.323,0,0.161,0.268,94.931,237493,4
65H6t1WQBim6q93yM8fEwn,77,0.804,0.56,1,-6.912,0,0.0397,0.416,0,0.0608,0.768,133.682,254720,4
3WbphvawbMZ8FyqDxYGdSQ,71,0.53,0.768,7,-5.611,1,0.0284,0.00385,0,0.103,0.374,148.095,260333,4
6NvRxjfYkkT2SpirAlmsjH,69,0.507,0.588,0,-4.881,1,0.0641,0.0359,0.000129,0.373,0.637,170.889,278707,4
0RFgvrhkf9FiDRLA0BhzpZ,69,0.583,0.66,11,-5.078,1,0.0377,0.181,0,0.0979,0.861,151.956,255560,4
7Lf7oSEVdzZqTA0kEDSlS5,77,0.624,0.654,8,-6.582,0,0.183,0.577,0,0.104,0.564,73.898,288333,4
1zNXF2svmdlNxfS5XeNUgr,77,0.745,0.219,5,-11.216,1,0.0276,0.851,1.8e-05,0.0678,0.635,88.609,186251,4
7E2DqvnVtbIrFrL5X6YH9Q,69,0.717,0.85,10,-5.329,1,0.0473,0.368,0,0.0495,0.805,119.005,204000,4
28cnXtME493VX9NOw9cIUh,74,0.534,0.392,9,-7.636,0,0.0267,0.649,0.000227,0.0948,0.163,90.379,216533,4
2OMqSRS11ly56zg9u5za6c,67,0.431,0.95,7,-4.918,1,0.26,0.00105,3.63e-05,0.272,0.56,191.936,158733,4
6tsojOQ5wHaIjKqIryLZK6,74,0.577,0.604,5,-5.703,1,0.0495,0.000218,0.000579,0.477,0.637,167.719,263440,4
55yvzYuvJYG2RUEnMK78tr,74,0.409,0.932,11,-4.538,0,0.0339,1.87e-05,1.6e-06,0.31,0.591,131.761,166640,4
3CpoeW0cZSDzIRv5z34F87,78,0.668,0.824,5,-4.164,0,0.137,0.0017,3.05e-06,0.0426,0.185,163.961,339547,4
003FTlCpBTM4eSqYSWPv4H,68,0.553,0.717,7,-5.857,1,0.0318,6.48e-05,0.128,0.0385,0.318,127.947,233267,4
0b9djfiuDIMw1zKH6gV74g,70,0.624,0.84,4,-5.768,1,0.0337,0.108,0.000546,0.144,0.656,111.02,323040,4
6dRAAG4sB71NAtVCHJep7s,67,0.468,0.851,11,-3.617,1,0.0398,0.000281,0.00483,0.0644,0.293,92.079,252360,4
4eTIe5eqds88bA9ua6p5p6,67,0.442,0.855,6,-2.985,0,0.0288,0.00049,0.0137,0.273,0.363,175.543,243640,4
1f2V8U1BiWaC9aJWmpOARe,77,0.451,0.97,0,-4.938,1,0.107,0.0264,0.00355,0.102,0.198,122.444,216933,4
7BMO7O7ImjV8HNTH74Tshv,74,0.908,0.758,9,-4.753,0,0.174,0.0687,0,0.0783,0.87,148.015,297840,4
563vSy3HB5NHxel1VGQCW6,66,0.675,0.607,11,-3.538,1,0.162,0.0302,8.97e-06,0.339,0.56,177.928,335613,4
3b1IQflSLrgzYQPGFzI9cl,80,0.696,0.758,4,-6.076,1,0.0264,0.17,3.33e-05,0.189,0.859,129.943,250693,4
4bJygwUKrRgq1stlNXcgMg,77,0.603,0.834,5,-5.766,0,0.0417,0.0411,0.00609,0.105,0.376,89.957,214440,4
6OyKBwLzq4h15XmxeWf5n4,67,0.398,0.89,1,-2.248,0,0.0473,0.0252,0,0.0472,0.572,95.095,212938,4
0xJFWROBNTBL4sKEuA5pm6,76,0.804,0.745,4,-5.963,0,0.229,0.00849,0.000942,0.0378,0.635,183.985,162400,4
4MNfkZ8dtva3cjJ2biqnDS,74,0.596,0.573,2,-7.452,1,0.0285,0.192,0,0.0881,0.417,78.554,175013,4
3jagJCUbdqhDSPuxP8cAqF,70,0.884,0.677,1,-5.603,1,0.283,0.0778,0,0.0732,0.584,101.868,263227,4
1Qdnvn4XlmZANCVy3XjrQo,71,0.433,0.854,9,-3.868,1,0.0483,0.000336,0.000177,0.162,0.368,89.4,277840,4
5hviCr3lgg6LY6noG6DPKs,68,0.571,0.438,2,-7.007,1,0.0279,0.534,1.56e-05,0.187,0.444,145.948,230549,4
6jGnykaS6TkWp15utXSAeI,73,0.436,0.141,0,-13.271,1,0.0308,0.902,2.81e-06,0.126,0.146,76.64,198227,3
2XOKoaCWziW0W14DPeY7XS,67,0.911,0.666,2,-7.133,1,0.233,0.0669,4.12e-05,0.116,0.824,145.734,186907,4
2iclfHORMqpR3TxuhwVRhD,65,0.764,0.648,1,-6.639,1,0.206,0.0563,0,0.414,0.391,90.1,278720,4
1GOvdGVrasTEG5JfDs8V5f,74,0.785,0.701,11,-6.61,1,0.0415,0.334,0.00011,0.109,0.907,98.923,189293,4
45DElIx0dXqUH4A88yQFdE,65,0.242,0.992,4,-3.9,0,0.0988,0.0148,0.113,0.833,0.374,159.37,187120,4
7sapKrjDij2fpDVj0GxP66,73,0.706,0.713,0,-5.512,0,0.0301,0.0596,0,0.132,0.544,102.037,257133,4
5jZ1Z2GFTf2gwmFc3qiUxs,67,0.541,0.904,7,-3.001,1,0.0435,0.00143,0,0.193,0.541,98.122,208693,4
4ZplewvZRLFcfBa5uyBbhd,75,0.755,0.596,9,-7.849,0,0.0402,0.282,0,0.0508,0.806,96.487,183947,4
2g2a5kDeZexbUTD8abcvm6,70,0.62,0.93,1,-3.685,1,0.0374,0.00043,0,0.0686,0.609,106.22,190173,4
6Bm6qUCSatPAqkQllFL7oA,68,0.256,0.788,6,-5.263,0,0.0403,0.0298,0,0.707,0.429,80.718,228707,4
215JYyyUnrJ98NK3KEwu6d,65,0.717,0.733,4,-4.985,1,0.0427,0.0398,0,0.136,0.713,119.996,292307,4
6dZ6qWl1e9GsMndBG7vqB9,68,0.701,0.692,9,-4.67,0,0.115,0.699,0,0.177,0.688,90.193,194160,4
1FV374EPG5CrjdIbIMLkcv,67,0.713,0.579,11,-8.066,1,0.0413,0.338,0,0.174,0.511,125.179,242733,4
4X1odWLrLSSahaK6Hi15AA,68,0.758,0.768,6,-5.603,1,0.174,0.0237,0,0.141,0.824,83.033,204707,4
6iPDBwtiOZGlfQt9HD0jAG,73,0.66,0.666,9,-3.996,0,0.0269,0.0459,0,0.0518,0.737,149.445,225360,4
7GmiJVBAzWNikX5VkNQg85,68,0.702,0.624,5,-9.927,1,0.0285,0.314,0.0152,0.0669,0.947,114.542,208227,4
0YImOCkIJ2PWhCXaURCZnY,72,0.648,0.759,6,-4.315,1,0.306,0.0142,0,0.648,0.518,85.996,324307,4
4O4dhPrjcw7GSLNafNydmb,64,0.678,0.866,1,-4.341,1,0.048,0.00295,0,0.16,0.842,88.041,225573,4
0WB48shl2wAH4KqyQkQ8nJ,63,0.686,0.631,10,-5.182,1,0.0232,0.126,0.000183,0.107,0.509,103.953,230360,4
5NHTtXGCdO7ul16xr0q93w,67,0.564,0.947,2,-4.998,1,0.0448,7.81e-06,0.828,0.373,0.351,100.002,270960,4
7kpa6MWRrPaF3b6C0DgioK,63,0.363,0.906,1,-4.415,1,0.0615,0.0122,0,0.172,0.371,181.964,231200,4
5iCcDXbsM7Sj0kP7h9g60b,62,0.663,0.858,5,-2.821,1,0.0463,0.289,0,0.374,0.805,116.269,159373,4
5O8L4I2S4izFGDjvP7xAKv,70,0.289,0.716,5,-6.53,0,0.106,0.0407,0.00123,0.135,0.344,168.049,217000,4
7DhYjNLksXZhbRQeheAums,80,0.76,0.773,9,-5.314,1,0.0675,0.176,0,0.1,0.895,102.789,266160,4
1jlG3KJ3gdYmhfuySFfpO1,73,0.457,0.406,9,-7.462,1,0.0291,0.08,0,0.117,0.208,151.95,223067,3
7FrJV8tydWEv1Mxu2mIQrm,68,0.907,0.695,11,-6.268,0,0.135,0.246,0,0.0808,0.961,101.007,298307,4
7kAFSrTIOiVZ0gnHBuAH3l,63,0.784,0.459,4,-9.74,0,0.317,0.0847,0,0.079,0.618,164.062,304000,4
0AkZjWYCMJ8wWiNex7LmkY,67,0.569,0.365,9,-7.047,1,0.0265,0.691,0,0.17,0.508,145.859,343497,4
5ljCWsDlSyJ41kwqym2ORw,71,0.759,0.678,9,-5.148,0,0.314,0.23,0,0.15,0.327,89.64,205560,4
4pImG3RdbaGfanzQOTFgyr,65,0.404,0.98,2,-4.038,1,0.107,0.000193,0,0.0742,0.433,177.793,220200,4
2fKafjPt7Pkl2WXPhOy9gM,70,0.808,0.709,2,-6.091,1,0.0442,0.152,0.000241,0.0707,0.853,99.02,159467,4
1ndGB6rvxKYN9seCYO1dTF,73,0.725,0.803,2,-4.083,1,0.0337,0.013,3.66e-05,0.0891,0.403,117.391,231933,4
17XgxMFNzBYv38TEJRC18D,62,0.359,0.935,8,-5.529,0,0.0817,0.000143,0.0141,0.351,0.658,173.429,198493,4
79MlVxKj43tDISSISiVHJM,72,0.781,0.491,8,-8.793,1,0.0444,0.471,0,0.0972,0.913,124.971,348827,4
7cFpB4ozcSwXuhqjvNbrbP,63,0.697,0.761,11,-7.647,0,0.302,0.157,0,0.789,0.666,81.728,211493,4
7vggqxNKwd6xdRoYS0pQtM,70,0.825,0.494,9,-10.486,1,0.0698,0.00974,5.15e-06,0.0361,0.626,74.103,180440,4
129lYDVKnWtlJc2PZJviuA,74,0.673,0.841,7,-3.564,1,0.0557,0.0683,0,0.0965,0.94,97.027,205373,4
0x60P5taxdI5pcGbqbap6S,71,0.901,0.813,7,-4.509,1,0.199,0.0325,1.09e-05,0.144,0.502,96.442,251720,4
1KBN9lYx9QkfUJC3NSXlhQ,72,0.757,0.862,2,-3.519,1,0.0696,0.115,0.000203,0.285,0.823,99.017,233173,4
2DFRFqWNahKtFD112H2iEZ,66,0.464,0.797,0,-5.244,1,0.0333,0.006,0.000304,0.392,0.547,129.964,213173,4
1AO26gK1sI6PoFY9eUF8yV,63,0.837,0.478,6,-5.861,0,0.0627,0.0571,0.00129,0.0569,0.81,78.746,254800,4
3RgDvs9Jpvn3kUuaTek1R5,70,0.626,0.792,0,-2.734,1,0.0721,0.000126,0.022,0.438,0.433,133.212,188600,4
208bYsadJ56km31IENM2qS,61,0.719,0.546,7,-10.239,1,0.032,0.243,0.00844,0.181,0.669,117.925,209667,4
67vYdAAM3oGsEImCRfbtsF,70,0.376,0.908,4,-3.793,0,0.0879,1.4e-05,1.4e-05,0.241,0.266,144.581,265560,4
5fIrBv7PrI2MBcktQOcmpI,64,0.546,0.631,8,-5.757,1,0.0283,0.25,0,0.123,0.569,129.556,178147,4
1TDk2Jmi4dVZhm2dum3Jim,67,0.452,0.873,9,-4.867,1,0.0613,0.000519,0,0.0592,0.433,80.473,222027,4
7FqrsV0vBwNiQNQI6jfzni,63,0.571,0.427,11,-7.574,1,0.0405,0.202,0,0.1,0.894,142.454,200720,4
4l3SD9S0EOaBAPejqNti6E,62,0.854,0.741,0,-5.19,1,0.0503,0.101,1.28e-05,0.0671,0.873,104.119,202253,4
2zLLGT8WWT1dl73TlVL9qs,71,0.811,0.784,5,-4.669,0,0.0345,0.544,0.000131,0.097,0.925,100.989,262926,4
2fE1hcjUxlLxXrZusTEJlq,64,0.771,0.673,8,-5.045,1,0.366,0.0293,2.97e-06,0.364,0.947,90.361,220960,4
1qzHqfvKrZWo6dVHM1dXrj,71,0.429,0.18,10,-10.694,1,0.0551,0.864,4.4e-06,0.104,0.485,170.645,154800,3
2fE4MbwX3QGMzNaMjGVhtw,63,0.747,0.398,5,-12.932,0,0.0743,0.211,1.42e-06,0.113,0.428,117.901,268373,1
4ZOyH6KjomjlqCz3oFqglr,64,0.844,0.754,6,-5.46,1,0.207,0.00833,3.42e-06,0.0575,0.961,100.002,187840,4
3TCauNPqFiniaYHBvEVoHG,71,0.456,0.573,5,-3.866,0,0.0275,0.578,3.05e-06,0.114,0.0992,76.19,238560,4
3bwAS8cN7Xtzvv5UurJOOX,66,0.341,0.662,9,-5.023,0,0.0335,0.105,0,0.113,0.2,174.875,334907,4
5ih5herXfvp5coBVFhmoAW,62,0.473,0.942,1,-2.698,1,0.0785,3.4e-05,0.0375,0.0627,0.75,173.527,168560,4
3NlLmKBJozwoi0k03Feb1N,68,0.747,0.692,1,-8.956,0,0.0474,0.202,3.39e-05,0.0698,0.904,118.698,199387,4
0AfIsqZ4gTUg9CwwW2jLeK,64,0.272,0.281,1,-7.634,1,0.0287,0.388,2.29e-05,0.158,0.141,89.914,240400,4
3oXNIpoUMdk8qGkwCeXqGv,61,0.412,0.77,11,-6.057,0,0.18,0.462,1.5e-06,0.0485,0.418,101.955,254493,3
2cxbxpHrND6i4uvUGVvC9J,64,0.538,0.677,0,-6.099,1,0.187,0.00541,0,0.236,0.913,132.346,214200,5
3OUApyz3jDB3syGUNGqB1d,64,0.733,0.521,3,-3.657,0,0.0457,0.107,0,0.0692,0.525,112.913,294693,4
0zCOT028cU3DeCqN1G18wE,74,0.607,0.666,2,-4.187,0,0.0407,0.168,0,0.201,0.79,139.542,228427,4
2nvC4i2aMo4CzRjRflysah,75,0.424,0.588,9,-5.455,1,0.0278,0.0553,4.95e-06,0.298,0.193,144.636,226680,4
7nXq1vaZiz7PdbfojpPjW5,68,0.435,0.92,4,-1.357,0,0.201,0.235,0.000353,0.552,0.45,188.899,245960,4
3NLJWd1FgZlgBRukNXxEBd,71,0.719,0.46,8,-5.827,1,0.0332,0.891,7.81e-05,0.081,0.881,108.479,167515,4
4tK4ARuilOrBzwVQK73E0Y,63,0.589,0.867,10,-4.523,1,0.0385,0.041,0,0.306,0.795,94.52,256441,4
76xddM2irVQCbuBoVbaElZ,62,0.31,0.94,6,-3.395,1,0.106,0.000106,2.21e-06,0.205,0.454,128.682,191373,5
0cY6CAgB5wShSOTT3lQl2t,61,0.363,0.756,11,-4.687,0,0.0494,0.00775,0,0.0794,0.68,155.644,181337,4
4V9JDRqKjN8F2HWdlEDxvI,65,0.662,0.908,1,-4.764,0,0.0449,0.0506,0,0.0508,0.967,149.941,173693,4
1sR3kJi14jA8Gau3a0yXAo,59,0.612,0.62,7,-9.785,1,0.0645,0.255,0,0.129,0.502,143.78,200440,4
2Ud8SDPZjPI1QSMtOHw721,69,0.693,0.448,11,-8.41,1,0.0574,0.401,1.55e-06,0.0825,0.849,175.983,212360,4
4j9qP0PaNo3QMFkKNtv7At,67,0.582,0.553,8,-7.118,1,0.0229,0.259,1.27e-05,0.0681,0.56,92.969,199813,4
0KqyBk4aVT88TEqBIC8mAP,64,0.582,0.829,2,-5.688,1,0.0465,0.000517,0,0.266,0.867,130.969,197800,4
6CbcdeTQKj0qTaZTt0xkdk,63,0.727,0.515,2,-6.553,0,0.0289,0.241,3.74e-06,0.124,0.695,89.488,262227,4
1SHmwHA6wc5IBECjCoFn8C,64,0.589,0.468,5,-7.852,1,0.0986,0.507,5.25e-06,0.0315,0.952,181.525,155144,3
1ZBqJilDGBVYktvlCEo9jC,64,0.377,0.938,5,-4.9,1,0.0618,5.18e-05,0.58,0.0705,0.385,120.514,251293,4
6DkNnb8nBR1uuqaSVWQgfm,70,0.634,0.45,0,-8.335,1,0.0327,0.359,6.79e-06,0.0937,0.367,83.853,233707,4
0ElpjZyX8YBiXuYcDC1Ci9,60,0.58,0.816,4,-5.165,1,0.0726,0.132,0,0.0776,0.814,89.938,200467,4
0aj2QKJvz6CePykmlTApiD,68,0.841,0.63,1,-5.356,1,0.0443,0.0725,0,0.0742,0.876,97.964,294867,4
0tAxedQQR6bPR26BlfZ8d2,65,0.786,0.538,7,-8.106,1,0.0602,0.139,0,0.0557,0.915,162.833,230227,4
28RaFrB9gSS48XXumZMobc,60,0.759,0.458,5,-7.894,0,0.0754,0.559,0.000108,0.164,0.641,109.15,235107,4
7cmdmDyKZDgK92uPlTBg6m,58,0.704,0.759,7,-4.344,1,0.0263,0.0642,0,0.123,0.681,119.957,225973,4
412LyfktkgWKEn8kmKiyQe,60,0.522,0.811,1,-2.761,1,0.0304,0.00144,0.0181,0.682,0.198,89.087,223267,4
5TtmI9sfXw4VXco0PE21mV,64,0.176,0.0534,10,-27.626,1,0.0406,0.97,0.915,0.29,0.0332,71.673,132120,5
59ZTxQo8rBycIXPLUIKvE2,68,0.64,0.889,2,-3.073,1,0.322,0.107,0,0.339,0.436,99.931,298853,4
5QD28FqaM3jTfsqWwvRZwv,65,0.851,0.92,8,-2.989,1,0.201,0.0319,0.000525,0.128,0.545,94.516,226213,4
3ODF56f90W3qxDqxHAUi3v,60,0.558,0.435,1,-6.812,1,0.0264,0.302,0,0.0351,0.199,122.385,290467,3
3G9ZnSjGYyHx7e221v0qse,63,0.73,0.331,2,-12.427,1,0.0429,0.46,0.000286,0.104,0.394,126.592,148133,4
1YI0uK36eupTmw9F8kHysr,65,0.607,0.76,0,-5.229,1,0.0482,0.0745,0,0.0595,0.805,88.059,244867,4
6y5GaZRI2cy2RKz9B3drTe,67,0.798,0.635,2,-6.996,1,0.0481,0.262,7.78e-06,0.0492,0.797,95.275,170093,4
517C3ko96edIA8XMh5nE3R,63,0.755,0.658,10,-6.364,1,0.0722,0.228,0.00014,0.0298,0.965,112.835,236160,4
5fSDXbY8o9pA3TKwAbfwML,74,0.745,0.924,5,-3.898,1,0.0355,0.201,5.01e-05,0.121,0.909,103.033,237387,4
15qrWkkYCfmtu1uRpGf48L,65,0.558,0.615,1,-5.641,1,0.229,0.0103,0,0.105,0.16,76.673,324547,4
5GZq8P4Iy2smHngL07Pcuo,63,0.431,0.617,0,-3.125,0,0.0496,0.53,0.00553,0.122,0.873,98.167,128893,4
1Up4RdOBpChNDytatxKDXP,60,0.533,0.802,4,-4.212,1,0.0384,0.001,0,0.314,0.293,106.969,258267,4
5EjZXJ4nVpw7uI6eso1SFS,58,0.444,0.583,7,-8.121,1,0.0259,0.5,0.15,0.105,0.258,97.492,231867,4
5UJsYyBi0CdSJl0ul5aTgO,73,0.626,0.714,0,-3.824,1,0.0259,0.507,0.000851,0.101,0.484,99.907,330373,4
41IShViF79gmulEkIHAjcb,64,0.59,0.929,2,-3.236,1,0.0478,0.0714,0.000153,0.0598,0.674,119.818,254467,4
65mxB9IWpmVo4qUjdGSxRB,63,0.663,0.72,3,-5.497,1,0.0331,0.00212,0,0.358,0.608,135.342,183493,4
4dZhQj20JbKlD9oR0X8kjZ,59,0.319,0.732,4,-4.475,1,0.0436,0.0134,0,0.658,0.2,80.195,234427,4
72SpPFrMYCXLB3Fbw9tEgf,66,0.571,0.953,8,-5.601,1,0.0548,0.0011,0.000606,0.226,0.601,137.965,233600,4
11i33j50Gsr90pRoDJBrEA,64,0.611,0.795,6,-3.428,1,0.04,0.0169,0,0.116,0.384,95.756,143627,4
5XMjXjwCkJVmk0AHm7z8IV,67,0.58,0.981,8,-2.603,0,0.06,0.0171,1.07e-05,0.386,0.861,134.007,195667,4
0Xmbtw7NhNiDnL4BWy5wDh,65,0.445,0.953,5,-2.267,0,0.099,0.000201,0.0244,0.357,0.233,120.013,153773,4
6cZPfzVtkicrA3CyjqYKhu,59,0.567,0.58,4,-5.757,0,0.223,0.0084,5.37e-06,0.0342,0.46,157.596,265707,4
1upQiytDIEZfl9ItruoXuC,66,0.0939,0.0336,2,-24.041,0,0.0606,0.927,0.83,0.0954,0.0516,67.359,207267,3
6FVg2subR7uoD80BmTOsdR,57,0.306,0.304,0,-8.178,1,0.0288,0.834,0,0.154,0.277,139.32,187573,4
0dEPlb8waIqRtKpLb3l6So,72,0.486,0.715,7,-4.417,1,0.0519,0.292,0,0.195,0.637,84.092,238133,4
5xG0CJRnQBHalC5CtXlpNN,64,0.85,0.602,0,-6.522,1,0.0454,0.307,0.000329,0.0692,0.898,96.17,172120,4
1JcGNoiwifg0MdJMVgJQYx,64,0.502,0.978,7,-3.278,1,0.0649,0.000163,1.27e-06,0.287,0.603,138.811,126573,4
6b2jmWNdY33SFlDMdcBs5V,65,0.742,0.743,2,-7.099,0,0.0358,0.192,0.00885,0.119,0.65,162.057,226547,4
6ocxCGYgcmZhCeTT1yuNkt,62,0.495,0.505,7,-10.034,1,0.409,0.813,2.01e-06,0.117,0.657,173.612,558973,4
3SO0vfryYv381w1ImgWONG,57,0.44,0.919,7,-4.462,1,0.0735,0.00222,0.00503,0.0892,0.773,184.324,149307,4
4bnjq8zqtCnxTGxll5ezOO,59,0.551,0.773,11,-6.578,0,0.101,0.0673,3.39e-05,0.0511,0.649,90.003,159293,4
1djfwy9FvafpK4KhznjjeI,58,0.756,0.532,6,-6.508,0,0.0934,0.072,0,0.0579,0.869,149.975,232480,4
3Jq9rsqmRtqcVKtzP9dnxZ,63,0.635,0.584,0,-7.912,1,0.144,0.52,0.0951,0.962,0.753,97.067,266733,4
0p88CmD2dgRH9Y52unhHi3,66,0.89,0.504,7,-8.819,1,0.0891,0.0275,0.00277,0.0519,0.578,90.454,219027,4
7aJZxI6TVdIvQSuWxQ4rqp,64,0.799,0.662,7,-8.585,1,0.0347,0.00482,0.000505,0.0484,0.717,120.082,196000,4
3eBBbAEBQdr6tkUUd8gyuQ,63,0.703,0.639,5,-6.183,0,0.281,0.299,0,0.139,0.893,87.908,247600,4
6Db8IlZ7YY1pfIjJllejyH,65,0.787,0.731,7,-3.295,1,0.156,0.0168,8.7e-05,0.0839,0.511,80.98,320640,4
1iFIZUVDBCCkWe705FLXto,67,0.571,0.8,7,-4.131,1,0.0292,0.0101,7.29e-05,0.111,0.335,104.377,311867,4
5nNpVC9AC6DWgrT5RX0e0b,57,0.574,0.514,11,-8.02,0,0.028,0.313,0.00362,0.274,0.352,111.005,186000,3
68DKrU7sTyDpDA5T3dsOlk,57,0.478,0.861,0,-6.79,0,0.105,0.0191,0.0396,0.155,0.607,159.846,192573,4
3ou9rSNUQnE7XYmJkUUIOc,66,0.607,0.405,9,-8.607,1,0.0265,0.539,6.7e-06,0.231,0.233,129.543,223040,4
4nnHlGaBwJHb1rBetqj0Yl,57,0.812,0.968,0,-3.758,1,0.0421,0.161,0,0.0661,0.706,130.093,213920,4
16Fp67kTFhH0XK5Cl6Oz7r,62,0.38,0.797,8,-9.091,1,0.057,0.00184,1.42e-05,0.208,0.206,118.64,366560,4
6YgV0EF8xJMZz0Zm6BTaT4,64,0.712,0.862,5,-4.612,0,0.0378,0.0525,0,0.093,0.809,95.051,206200,4
19QT1L9qUNKHYNbYqawaX8,57,0.475,0.663,1,-7.415,1,0.0359,0.529,0,0.0928,0.475,177.44,228000,4
6iRkrVOhCjgKFB2cBWnx4M,71,0.648,0.659,2,-6.369,1,0.0259,0.115,0.000307,0.19,0.532,106.196,206133,4
3Oa31DdD8vxktKoyUf7RyZ,63,0.708,0.605,3,-4.912,1,0.03,0.572,0.000515,0.0782,0.97,98.063,179400,3
1p2KclGv8c1qKPoRq4exKd,62,0.216,0.149,7,-18.173,1,0.0402,0.986,0.94,0.0921,0.117,123.201,174333,4
46XvcuEZFFInDilbYUNHBn,57,0.782,0.627,8,-6.509,0,0.115,0.00233,1.27e-05,0.201,0.485,94.967,272507,4
0D1pEisM3QkiacGXJe5dmd,66,0.481,0.733,5,-7.633,1,0.165,0.575,1.18e-05,0.108,0.874,122.909,140427,4
1qhycrSgnNJKjH6jRyL1HS,62,0.87,0.9,2,-5.668,1,0.0321,0.225,0.000309,0.0909,0.934,114.056,179507,4
42qK1JWm8fDy3qHZbIZNuQ,63,0.865,0.595,11,-6.705,0,0.227,0.0377,0,0.0877,0.819,96.948,219467,4
0jiBVBJkLrlGLgrIVmd3VK,57,0.84,0.762,6,-5.454,1,0.226,0.00736,3.77e-06,0.0615,0.946,99.987,189765,4
0WgLpgUdThEpA5L5K0SKq7,64,0.723,0.84,1,-3.523,0,0.0608,0.0619,0,0.0945,0.827,94.332,239267,4
4aUCPal9bxTnQkEfdIY6sG,64,0.941,0.462,11,-11.029,0,0.282,0.129,9.82e-05,0.114,0.758,123.674,211427,4
0tr492xughUjNeqSDDD5nK,61,0.678,0.338,10,-9.899,1,0.0319,0.655,0,0.215,0.502,109.888,245227,4
0Uhnzk5zI46IRlQ04LNOtc,59,0.791,0.666,8,-5.484,1,0.341,0.0256,6.33e-06,0.0796,0.938,90.345,232533,4
46HSR9UPHXZxeR7EUvFERG,65,0.851,0.5,11,-8.789,0,0.043,0.222,0.000931,0.15,0.767,148.015,246453,4
5HHtIw03mC3OPPRjFUQ2Hb,58,0.55,0.512,8,-5.079,1,0.0985,0.482,0,0.123,0.959,187.611,164387,3
3F14hbIqy1JKKLTb1mzdYV,62,0.73,0.698,7,-5.089,1,0.508,0.0986,0,0.322,0.711,176.146,267013,4
1LFlvMkcTuo2TGatsAofqd,58,0.719,0.639,7,-7.357,1,0.0251,0.0241,9.23e-05,0.386,0.64,125.158,230827,4
3OQu3z3okKVmWxSXTTHak5,58,0.649,0.536,5,-8.804,0,0.132,0.492,0,0.184,0.513,78.935,245773,4
6Q13UWFUuqXLXT7IUVkqM1,57,0.794,0.634,9,-3.819,0,0.0381,0.245,0,0.2,0.736,142.254,271387,4
4u8IPU322yG7mNrqv89GGL,69,0.957,0.554,3,-6.618,0,0.067,0.0052,0.00185,0.249,0.64,101.783,199893,4
2JxVlbujXhX1fEG0QJGqRu,64,0.706,0.58,2,-7.02,1,0.0254,0.217,1.15e-06,0.134,0.355,105.997,255000,3
3nEugNej2Gs6GbEnK0wSnu,60,0.653,0.452,4,-5.938,1,0.0593,0.694,0,0.0481,0.962,102.736,140957,4
2sevvnMrqH607r5lwk3kFT,65,0.775,0.559,6,-8.377,0,0.088,0.108,0,0.0945,0.804,122.229,230733,4
5Y0E3dOeynKuLDAXu0t0Bg,61,0.66,0.536,10,-8.786,0,0.29,0.233,0.00669,0.111,0.775,159.963,237800,4
3UYuDTslR35thjQzaVwRMe,64,0.835,0.718,1,-6.405,1,0.232,0.0424,0,0.258,0.507,94.387,244253,4
3HGctlDltHdllOSTogGKhJ,60,0.65,0.914,9,-4.672,1,0.0716,0.000642,1.23e-06,0.0251,0.586,99.107,218973,4
5xErd5QhOvTKFU7l8dffWC,56,0.551,0.671,7,-7.888,1,0.0286,0.191,2.49e-06,0.202,0.561,77.066,283560,4
7ifcJ5DDytGf8aITxmgsLN,55,0.64,0.381,9,-13.265,0,0.03,0.131,0,0.17,0.677,118.229,192133,3
5rDkA2TFOImbiVenmnE9r4,60,0.661,0.517,7,-8.004,1,0.0269,0.267,0.000158,0.431,0.676,104.563,155707,4
6St9CXbwvRkP9gHgbuC0mY,65,0.781,0.46,0,-9.292,1,0.0472,0.213,1.07e-05,0.147,0.896,150.022,228680,4
39YovPslPCXbFYhlYjsZ2Y,56,0.879,0.73,11,-4.369,0,0.164,0.114,0,0.241,0.885,99.925,213227,4
49hhlarIcc7kZe459BrXQ8,55,0.718,0.672,11,-7.517,0,0.113,0.377,0,0.114,0.551,170.012,240133,4
3wwoB2eYeGnuOSuIYqXEdl,56,0.289,0.736,11,-3.38,0,0.0369,0.00087,0.00395,0.0636,0.13,152.158,251800,3
0Pjsm4AaJGPOXHoB6xCgJB,67,0.773,0.794,5,-4.954,0,0.0326,0.527,0.000354,0.113,0.907,101.143,264600,4
0ccCwNzXvr1Yoz91vKz31Z,58,0.555,0.902,0,-7.918,1,0.0958,0.337,0,0.152,0.62,156.108,287507,4
0oPdaY4dXtc3ZsaG17V972,57,0.513,0.831,2,-9.004,1,0.0383,0.55,0,0.336,0.963,148.837,182067,4
68Iw932AjRCDEPLIzpmOtF,58,0.581,0.49,2,-10.657,1,0.0355,0.366,7.51e-06,0.101,0.454,82.881,293600,4
5OKrgU6UuGMp4sGRxv1JH2,72,0.57,0.474,2,-6.809,1,0.0296,0.595,0,0.143,0.299,130.103,262440,4
66UbHESsyfaXdoxlqVBa1T,56,0.339,0.933,5,-5.733,1,0.0723,0.158,0.416,0.397,0.225,106.566,352440,4
1RQE33QW6K4YFKGPLHjbcC,55,0.707,0.655,1,-5.704,1,0.103,0.264,0,0.126,0.415,83.087,254373,4
5w0jXRvylCbWxFrJx2H1Fl,56,0.438,0.942,4,-5.19,0,0.0575,0.00125,1.01e-06,0.421,0.511,91.299,317160,4
6T7cObHwYZsOhNb8dzGea3,60,0.784,0.801,8,-5.157,1,0.0337,0.53,0,0.0862,0.969,104.769,193813,4
1nJ3cRLFaI5SVns6udIWoG,63,0.61,0.565,8,-6.641,1,0.0263,0.363,0.00172,0.181,0.721,129.758,180160,4
2k6TManBkFAweRUCH6jYny,58,0.726,0.678,5,-4.445,1,0.0303,0.252,7.63e-06,0.149,0.529,75.031,159387,4
7mQwxVogsnpR3h6AJLQLlR,58,0.364,0.912,7,-2.968,1,0.107,0.000104,0.0025,0.086,0.666,105.368,189200,4
6W2Ef5Ph6ILTUAedoQ3QIv,63,0.853,0.811,6,-4.927,0,0.0646,0.0439,0.000307,0.0703,0.9,114.964,283627,4
24S7rWWB6ohk2j5ABrm5DJ,55,0.841,0.739,11,-5.111,0,0.206,0.151,5.9e-05,0.0897,0.571,85.891,272507,4
5ahFyKndeg1hqfmNumL3WF,60,0.781,0.746,8,-2.686,1,0.17,0.364,0,0.098,0.786,89.43,229800,4
5JuYLzlxsSewBjO4v9a04U,59,0.754,0.306,5,-13.322,1,0.0292,0.721,0.0118,0.254,0.664,109.389,231707,4
65JmIZCsgkw2mbfobxt1CR,55,0.527,0.908,11,-5.105,0,0.036,0.155,8.89e-05,0.581,0.893,99.482,306347,4
7caiyAewYYoWu5rZZgQWgn,61,0.386,0.966,7,-4.258,1,0.0716,0.00152,0.0248,0.0791,0.862,155.994,230640,4
3qRPc4QpHGNwKFAzCdqwxA,58,0.658,0.936,5,-5.105,0,0.3,0.172,0,0.321,0.711,95.439,203000,4
6PIEE443qM0IS279RdW24q,56,0.668,0.172,0,-13.835,1,0.2,0.871,0,0.095,0.573,94.51,135147,4
2UXEwIOtNGUUgGdXnds8V7,57,0.714,0.436,1,-6.471,1,0.0342,0.462,0.0117,0.107,0.372,93.025,229693,4
6FTJuZtQZvmPPRFmrcno9J,54,0.834,0.685,1,-5.862,0,0.225,0.0998,0,0.0514,0.877,95.507,278573,4
6BfOhpHADzrvKN2kMPTMPv,60,0.531,0.597,9,-9.004,1,0.0324,0.000403,0.00105,0.063,0.33,110.791,251467,3
746bHsY27aWTMYpoxqECOm,58,0.26,0.923,7,-5.023,1,0.157,0.00108,0,0.763,0.387,170.605,242133,4
1QhSB9L9M5eZQhW4RNOhXK,66,0.783,0.649,7,-4.127,1,0.0322,0.0209,0.00482,0.067,0.665,103.997,206093,4
2eSJflipjhSKLExuSwuFrO,64,0.829,0.688,8,-7.652,1,0.0978,0.0142,2.05e-06,0.0461,0.869,93.857,230400,4
3MHiOpWCWQQgJAplRWxsbJ,64,0.312,0.208,0,-24.082,0,0.0415,0.991,0.932,0.0856,0.816,125.072,73093,4
3THdexHRmED4euIY91Zrxc,58,0.541,0.677,0,-6.211,1,0.0271,0.0244,0,0.0854,0.237,131.922,232067,4
6HxweNytuEQdmGeVtZPZz3,64,0.758,0.957,7,-2.281,1,0.0357,0.039,0,0.133,0.966,111.121,267933,4
4KqTGPPmXowMPEoShSVOta,59,0.338,0.685,1,-5.178,1,0.0322,0.00052,0.000512,0.109,0.221,102.192,238173,4
5nWgEBtaRwVrCMjer1RtLm,55,0.587,0.778,7,-4.233,1,0.0343,0.31,0,0.318,0.319,81.943,254493,4
3oQggzwBp8hqUwgoUcb3wJ,60,0.623,0.853,4,-5.356,1,0.0472,0.141,0,0.143,0.782,106.098,196600,4
5yprGKAwV1GSJSiATa50Ni,55,0.448,0.966,6,-4.029,1,0.101,0.0211,0.0595,0.135,0.38,107.293,198387,4
0Cx5QWilR60IyyUvGZQtDC,55,0.544,0.895,1,-6.207,1,0.0522,0.000132,0.107,0.147,0.875,98.128,176947,4
37RC87Ce8jeeKmnpYNExhP,55,0.718,0.675,7,-4.085,1,0.265,0.00566,0,0.177,0.702,160.026,239400,4
3wimPgsJv0hEgP5A3sQ7Ag,61,0.723,0.789,1,-4.813,1,0.0302,0.0441,0,0.0612,0.946,124.013,269400,4
54FAYoGATQPUBbxCIclHkG,57,0.716,0.601,1,-10.808,0,0.0514,0.0831,0.0016,0.0401,0.643,109.852,209560,4
73etijhz7pV4Wx7GTANLpq,54,0.332,0.371,4,-9.884,1,0.0396,0.729,0.00021,0.176,0.375,173.273,249093,3
3ptikEjKbpbXvJtOosLMuH,60,0.828,0.801,10,-4.571,0,0.175,0.0483,0.000961,0.281,0.788,94.0,188560,4
6CMidyjegRGsM2NyEmbuoT,61,0.941,0.721,2,-4.921,1,0.155,0.00766,0,0.0485,0.707,99.042,169600,4
2kSIYlXbNK6JQ8F2n8TDLW,59,0.834,0.862,2,-5.104,1,0.0506,0.0838,0,0.261,0.971,139.708,224933,4
27mgDrExPa3obPAYXd3yQg,61,0.763,0.675,5,-1.797,0,0.223,0.0307,0,0.0876,0.724,82.0,323720,4
10CsMKlayFJOj4Lai9tAvm,58,0.477,0.179,8,-17.071,1,0.0356,0.908,0.000458,0.213,0.605,172.046,168827,4
7ve0nLuGlLfqw0EbL2UZEV,58,0.597,0.729,9,-3.35,1,0.0327,0.43,0.000281,0.167,0.712,120.086,140933,4
3XrvEifl0hIzgBGUa5jBLS,56,0.592,0.77,1,-3.402,1,0.318,0.122,1.22e-06,0.103,0.361,191.692,264760,4
4MbV8zrWudQflnbiIzp29t,57,0.859,0.684,2,-6.962,1,0.28,0.448,1.15e-05,0.202,0.613,91.601,264152,4
497Fkp3gRiGrRMoqBTDudr,64,0.4,0.805,4,-7.305,1,0.0407,0.0387,5.4e-05,0.109,0.324,158.459,193933,4
3pWddJofLu8xCCbbgBwViy,63,0.739,0.464,9,-9.77,1,0.0621,0.275,0,0.0538,0.763,141.178,199240,4
73qINA7ccO03wxD8nsJalr,61,0.722,0.553,8,-3.578,0,0.118,0.0455,0,0.08,0.093,92.996,269013,3
0SlpFHdk4UHBDzCEoXzy14,65,0.331,0.558,2,-5.506,1,0.031,0.0689,1.96e-06,0.124,0.0985,150.19,303120,4
28Tmk14BdrfaV2YzxpB35c,58,0.601,0.34,1,-12.092,1,0.363,0.393,0,0.456,0.654,125.309,442733,4
5dRCujBQZQq6dlkCaGDMV0,61,0.752,0.735,1,-3.851,1,0.196,0.0876,0,0.14,0.635,90.87,257627,4
5eQtR62IZ8P8qZM2pSD9Ip,59,0.469,0.722,6,-4.806,1,0.0326,0.232,0,0.123,0.529,85.984,283000,4
7rSj5gEdN5KgHwbnEVAZ4b,55,0.69,0.592,7,-5.973,1,0.3,0.0236,0,0.56,0.466,179.98,198760,4
2FTZeRHQ4gRPViPMpWL9uX,70,0.691,0.64,8,-5.087,1,0.0384,0.0247,5.24e-06,0.2,0.452,101.991,210227,4
75DjPjiIp2fvJDjtt41Jfs,58,0.707,0.538,0,-5.264,1,0.505,0.362,0,0.317,0.439,121.732,234893,4
1cmSizxgLDaGGFriwGzUEM,58,0.859,0.717,2,-6.367,1,0.0882,0.0739,1.67e-05,0.0193,0.994,145.737,176293,3
3rUMH7i22tlkymhDPOmXUv,59,0.116,0.13,0,-18.278,1,0.0355,0.774,0.914,0.111,0.0666,80.611,333347,4
5NmL2zxnlt9GiTB2TQbvFM,62,0.74,0.94,9,-4.195,1,0.285,0.125,8.33e-05,0.132,0.489,89.981,359400,4
7J4uwuiyWB7BqIcyNdcVRl,58,0.327,0.963,4,-8.871,0,0.174,0.0118,0,0.176,0.199,98.416,326507,4
1LM6EReMkAxuDXDF26ekl2,57,0.662,0.928,2,-4.688,1,0.377,0.00324,0,0.17,0.775,90.509,227427,4
4sM7v7wyRAuV6ZTO2dvnCA,64,0.474,0.477,5,-7.528,0,0.0266,0.552,0.00729,0.133,0.227,129.014,201200,4
0Y1fueUFu8jQtUxdUmOojf,60,0.685,0.15,2,-20.543,1,0.039,0.797,0.0461,0.1,0.125,124.956,379520,4
5Nn2Dj7OQsGL6pgQ9iIzPp,61,0.747,0.68,1,-6.187,1,0.0346,0.0107,0.803,0.0964,0.594,93.804,317933,4
3QLApyuGYQdSQZTmBXFaSt,59,0.849,0.922,6,-6.604,0,0.0684,0.0275,0.00862,0.0809,0.71,93.001,216440,4
6um8falqCT0st7YLJlgaWs,58,0.54,0.736,5,-4.745,1,0.0951,0.306,0,0.273,0.58,94.253,66040,4
6ZXmTH4DpP07a2TvHx1EF9,62,0.913,0.724,0,-8.527,1,0.105,0.372,0.000201,0.0824,0.748,103.33,237133,4
29OzJTIOTjCgR7fLyEXY7u,72,0.619,0.896,9,-4.233,0,0.0315,0.223,0,0.101,0.952,136.648,231800,4
15TITugVC8RrpLctHXOqT8,58,0.681,0.638,4,-7.818,1,0.0367,0.699,0.000629,0.0581,0.677,96.882,140440,4
1A6Kwtsg3JWKU2KWM2udpM,62,0.394,0.663,4,-11.117,1,0.0601,0.678,0.00156,0.212,0.21,133.464,368227,4
3xKTpGCsafXzV4muM1Hpl3,56,0.524,0.559,5,-8.319,1,0.0298,0.185,5.94e-05,0.14,0.202,140.043,253893,4
5gNVTfD1L6QrPgOf0wFo0q,57,0.383,0.946,1,-8.122,0,0.0789,0.000328,1.13e-06,0.0537,0.534,108.591,231097,4
2DGFNAg4pTPLFKPeQRbGDZ,53,0.258,0.735,1,-4.788,1,0.0459,2.03e-05,0,0.112,0.132,150.049,269027,4
5jkxC8SIZJ4qqusxRPVS5s,56,0.795,0.731,9,-6.056,1,0.0529,0.381,0.00163,0.0548,0.884,96.161,268213,4
4Nrg8EG7wWTiTOumtpw8gk,57,0.766,0.641,9,-3.777,0,0.0445,0.0165,0.0386,0.0809,0.579,85.011,257093,4
33AxY0QUitvte6JV6B6uLE,59,0.379,0.716,4,-4.312,1,0.0326,0.000272,0.00123,0.0786,0.239,92.721,279333,4
1vXuYPpkLjn1v06E2EsWQY,52,0.412,0.59,11,-12.277,1,0.0701,0.255,0.0325,0.177,0.653,85.824,208667,4
6tmzIxHREnZzKSDMm6CNNS,58,0.13,0.00924,6,-27.853,1,0.0448,0.988,0.909,0.0849,0.0369,77.307,386507,4
7bOYOD0d7ByMTXvJnQVl8d,70,0.548,0.8,9,-6.926,1,0.0597,0.038,0.00255,0.0678,0.805,159.654,249427,4
2cBzuJhVILqkpFAYxHwm64,61,0.513,0.556,11,-8.643,0,0.0613,0.118,0,0.16,0.776,172.267,181667,4
0ZHu7jkSSrT0eK4OxuG4O5,57,0.714,0.862,6,-5.531,1,0.286,0.0305,0,0.0884,0.887,92.849,281240,4
1eRgyfyizDWISeS99kwLNC,64,0.598,0.955,2,-4.52,1,0.0916,0.00122,0,0.243,0.402,119.126,209573,4
2NPxL1QqPrD1a7OLHjVcAP,61,0.837,0.885,6,-3.914,0,0.182,0.103,0,0.0666,0.694,95.313,253720,4
4Lxn1JlGJwmmXpODrNvPA6,58,0.585,0.907,1,-4.787,1,0.102,7.21e-05,0,0.0682,0.573,92.634,178667,4
7MSwclTvW6KLLkTbmw9FUQ,56,0.698,0.602,3,-3.183,1,0.0889,0.0515,0,0.32,0.138,145.941,372973,4
0HIoLXQTYfRvsDGifz8cWY,68,0.634,0.842,11,-3.546,1,0.0295,0.168,0.000203,0.0983,0.358,99.973,247613,4
07oVZP9Er2Fz8S59ePWLyK,55,0.522,0.882,7,-5.231,1,0.0847,0.00303,0.000151,0.0939,0.369,130.08,232200,4
3tHPjLBakLS48aumhFpJMt,53,0.684,0.84,9,-5.753,1,0.0433,0.0278,0,0.329,0.682,125.801,235733,4
308kjPoIVBzDNExO54sqAi,62,0.499,0.705,9,-5.596,0,0.0669,0.00399,9.11e-06,0.104,0.36,123.909,277160,4
6EstomtQJkk4F0pS6qX5NS,53,0.466,0.878,1,-4.78,1,0.266,0.602,0,0.549,0.66,107.23,299480,5
0QyBdoz2JktWEo111DBEx9,62,0.93,0.462,9,-8.643,1,0.277,0.128,9.3e-06,0.175,0.777,124.065,257787,4
3y8rEUEUdmAcPCpPoLotnO,54,0.591,0.907,7,-5.648,1,0.0837,0.0675,0,0.0903,0.817,151.961,280093,4
4PxzGOH79jcmmldKgoI9sB,55,0.271,0.31,0,-7.967,1,0.0309,0.725,1.99e-06,0.119,0.16,169.614,214733,3
4FNm4ZJaUVLDCMXcqwS6zY,61,0.751,0.463,9,-10.96,1,0.104,0.642,0.208,0.0314,0.926,150.191,330760,4
5hjKYe3NOmWx2NVzVAeIGF,60,0.473,0.994,8,-1.884,1,0.104,0.00215,0.123,0.314,0.841,171.435,132733,4
6NOgTDhJDbsxGzyseTXe0c,58,0.858,0.663,10,-5.112,0,0.0393,0.483,7.38e-05,0.184,0.945,134.033,231192,4
3w3rLh6wmne91BS2rwgcog,56,0.431,0.463,0,-7.342,1,0.0268,0.599,0.00282,0.132,0.687,107.19,253213,3
5nakPOknHu3XkeeHoVvhCd,56,0.666,0.475,4,-5.618,0,0.0268,0.0189,1.31e-06,0.0882,0.183,123.67,257600,4
3kgutGd839IOYRl6ekeq6V,56,0.699,0.668,1,-5.305,1,0.106,0.265,0,0.141,0.472,83.074,254467,4
30KKYkJ0lonfKI2eaLACnZ,58,0.563,0.842,6,-3.639,0,0.319,0.0026,0,0.16,0.336,95.392,190067,4
7bYKMJI4z6mApjLhv4hOBM,53,0.813,0.658,9,-8.997,1,0.0714,0.205,0.000138,0.161,0.571,74.432,292173,4
3HuLpW8NmFFO5GKY8andY2,62,0.379,0.0462,0,-14.719,1,0.0445,0.978,0.000931,0.0912,0.147,80.641,187769,3
0kCZ2X6kIXZ5zRMrPx8Usx,53,0.746,0.693,7,-6.742,1,0.0409,0.0381,0.000859,0.231,0.573,155.696,178493,4
3pavDZo8o2ctgkVhERSzy6,54,0.561,0.86,9,-3.273,0,0.0307,0.00033,0.000469,0.114,0.251,130.703,272907,4
3DkaXDmC0qaFNAxgLMuwX4,55,0.58,0.526,6,-6.664,0,0.0313,0.221,0,0.0959,0.2,101.89,304427,4
4yGH1izgbWxMYIEu8EVH9x,60,0.376,0.629,2,-7.908,1,0.0883,0.296,0,0.167,0.379,173.656,256360,4
11Flw4LsEyIvbdM8i1RUCD,62,0.776,0.648,9,-6.179,0,0.0553,0.604,0,0.318,0.793,93.012,201067,4
2BSwGHTh4kmckqXQfaCaAp,61,0.73,0.508,0,-9.575,0,0.319,0.0716,0,0.0605,0.936,76.494,172200,4
2t1FroAswYSxsD6FNppejx,62,0.641,0.489,9,-9.096,1,0.0718,0.604,0.000177,0.214,0.725,83.697,247293,4
6WNbVxTXPzhitXRUlu3Xqn,61,0.861,0.531,0,-6.143,0,0.0346,0.237,3.56e-05,0.121,0.919,105.955,229133,4
0wJTj7BfrMEJ30x63A1lh4,63,0.8,0.517,11,-8.9,0,0.0378,0.659,0,0.29,0.915,129.998,285227,4
4bPkBHKLKd9WHizsvM2zV3,61,0.532,0.433,3,-9.423,1,0.0278,0.0942,0.0121,0.142,0.0395,140.666,331133,4
29i8axWOLDmgbiutJb9prB,57,0.611,0.577,0,-8.728,1,0.0297,0.26,0.000807,0.467,0.214,119.877,227360,4
0u35Dpz37TY2M2j20RUdMf,64,0.262,0.482,5,-7.75,0,0.0294,0.0364,0.000189,0.11,0.063,170.968,318627,4
15TzkwxGNvM3RGib0YkH4T,55,0.444,0.984,8,-4.997,1,0.146,2.22e-05,0.0899,0.0668,0.339,129.905,243933,4
6RYynPLHZLnpwjejfGWpQl,54,0.687,0.363,8,-10.144,1,0.0857,0.215,3.08e-06,0.305,0.519,137.365,245893,4
7DSfv2r0Km90N97qlRTxou,51,0.631,0.496,9,-8.279,0,0.0598,0.428,1.01e-06,0.107,0.365,143.735,217627,4
4P91jW5QmEkhoLgdMujp82,57,0.719,0.822,11,-11.295,1,0.0499,0.139,4.44e-06,0.118,0.924,112.806,303467,4
4C8bbFSl37YUCoVeyr3Fl3,53,0.691,0.472,9,-10.168,0,0.196,0.284,1.78e-05,0.101,0.291,95.83,209853,4
4hf0hL4kWyjWztZzVsM39V,65,0.611,0.556,9,-5.761,1,0.0288,0.175,7.14e-05,0.0359,0.252,126.532,297307,4
0pjCsB0XNSyqM9UazlTODC,63,0.322,0.184,0,-18.312,0,0.0338,0.984,0.902,0.0813,0.356,107.847,193600,4
2jFeVaKwofd1mVk50xSzjg,60,0.756,0.629,0,-7.744,1,0.0409,0.335,0.000151,0.228,0.946,143.68,193160,4
2PT9QDg6vNIoYVhApXsbKj,52,0.412,0.549,5,-9.51,1,0.0277,0.117,6.71e-06,0.0879,0.611,92.79,129440,1
2uDwRgwGPjXq0oj0hNCuFc,56,0.329,0.658,9,-5.57,1,0.0373,0.00108,1.56e-06,0.0805,0.288,141.123,343400,4
4wd09wCccmxUB7XVJp0RNn,56,0.756,0.28,5,-14.27,1,0.0296,0.616,0.00033,0.414,0.695,109.413,231000,4
7Eo1JOdPvYYZqveKzXh8pN,55,0.467,0.619,5,-10.079,1,0.0359,0.763,0.00545,0.181,0.826,176.296,190800,4
2C1m7Lw5cUpFWUkN6Tovik,54,0.467,0.713,4,-6.349,0,0.0282,0.000271,1.45e-05,0.149,0.34,87.966,239587,4
3wo6wYrXayuvuSqZEHmnM6,57,0.56,0.749,0,-3.399,1,0.0373,0.178,0,0.348,0.764,156.12,167160,4
7cGcyNd7NVvDIwCAQSbJLI,53,0.667,0.808,6,-3.878,1,0.238,0.239,0,0.298,0.712,95.075,286907,4
46mPWQpvSFkXrr5nWoWW74,56,0.271,0.931,1,-6.81,0,0.0785,0.00099,0,0.182,0.382,142.407,125627,4
6ptcVVRn97eAKqUy6kUVK5,52,0.629,0.739,4,-5.577,1,0.103,0.00206,0.0269,0.0544,0.519,151.117,239173,4
4BchPWoixASi7GfFompkIJ,56,0.403,0.27,9,-13.833,1,0.0316,0.903,0.0284,0.105,0.435,179.809,243827,4
5H5OO7v1VF1KvAwBDKsaeN,60,0.74,0.669,7,-5.289,0,0.0442,0.411,0,0.0907,0.832,150.547,185522,4
4qo9CljCI7Nn9VmRxC0246,59,0.655,0.702,11,-10.364,1,0.054,0.0397,0,0.877,0.62,125.117,225747,4
6HlFxHQ5nn6HYGxOOYIrLm,57,0.593,0.933,5,-4.894,1,0.119,0.000445,0.384,0.068,0.497,153.993,272920,4
04rZkq3ihHmGNfKPgBiTX1,52,0.635,0.852,11,-4.243,1,0.0375,0.302,0,0.149,0.351,88.028,272987,4
4gJoAvFpDvaeqm2EKYGmhb,53,0.687,0.537,10,-7.639,1,0.0305,0.561,0,0.107,0.264,120.023,257160,4
1Igy3egsujfV4WphlW0B7K,56,0.334,0.964,2,-3.779,1,0.172,0.0472,0.00249,0.323,0.232,142.75,270867,5
6IK1mlU9pJPPjkYD6jrRR5,53,0.509,0.951,1,-3.856,0,0.0827,5.41e-05,0,0.305,0.435,120.03,176373,4
6p4SUKhIyPqbmU828M0JWD,52,0.559,0.84,1,-3.264,1,0.236,0.0706,0,0.0967,0.113,171.311,297907,4
5ZKVNTG7yu7gbX4vryqS2X,56,0.791,0.863,3,-6.118,0,0.151,0.317,1.13e-06,0.27,0.742,97.035,264653,4
286mFeYjBJ9fkioaIzaxoN,56,0.237,0.911,6,-5.833,0,0.0708,2.13e-05,0.877,0.0935,0.247,138.227,299773,4
1efuoLEUL1K0D96d63svRO,61,0.824,0.522,10,-8.567,1,0.0384,0.0159,3.12e-06,0.105,0.581,126.238,177440,4
36ZS04J2JbV1SH4LhbPWyI,51,0.558,0.687,2,-8.634,1,0.0381,0.471,0.000829,0.0958,0.412,94.989,278307,4
17LEVrxCYMkGNVYWJtrIqb,51,0.85,0.436,8,-9.08,1,0.051,0.056,1.94e-05,0.296,0.77,87.711,207693,4
32r25QdtfHgAxjohp2EoPH,57,0.456,0.478,2,-2.27,1,0.0291,0.56,0,0.14,0.514,81.867,154227,4
5dcwiQFqn0mTcWewYIv7MV,61,0.745,0.575,4,-8.184,0,0.0434,0.546,0.000127,0.116,0.723,123.325,199240,4
3oBsEd0mQKKge4HSSt5yV8,61,0.592,0.193,7,-13.876,1,0.0334,0.955,0.00508,0.117,0.383,127.381,145414,4
2D7QsEzkNUzzFKqIFmvXcY,64,0.607,0.357,9,-7.283,1,0.0317,0.179,0,0.0571,0.736,107.362,183640,4
6pYz8bkZvf84S49VWLRHah,64,0.373,0.424,5,-8.988,1,0.0358,0.323,0,0.144,0.488,209.267,195507,4
44q2DhInsQYJ8X1q2H1RNj,52,0.339,0.273,5,-9.945,0,0.0309,0.729,0,0.152,0.304,96.804,251467,3
7ju8Fz9Z6rTNAzDMSoOCh2,60,0.668,0.723,1,-5.995,1,0.279,0.00183,0,0.0545,0.486,178.126,215853,4
48OJNxzYVJNYzXDDY1xlnt,52,0.691,0.842,9,-5.272,1,0.0363,0.339,0.0306,0.048,0.878,126.318,237627,4
191qPeOpllZfaApp35HXK3,53,0.555,0.533,4,-9.162,0,0.0409,0.517,0,0.116,0.788,173.906,146093,4
4TYI2YExAWaIOpGP4y7AbI,59,0.306,0.709,0,-3.593,1,0.0376,8.2e-05,0.00452,0.101,0.0436,154.15,249627,4
2GjokMnSVdkNXzuk6uL090,61,0.688,0.563,10,-4.309,1,0.0292,0.21,0,0.125,0.768,76.204,190773,4
747tpec1a0Hfqvj2za1pBs,51,0.837,0.765,7,-5.007,0,0.0631,0.0852,7.08e-05,0.1,0.912,133.57,161200,4
2H3kc8vwKWtgaDWs0Xw98Y,63,0.639,0.824,4,-4.685,1,0.0313,0.198,3.33e-06,0.0936,0.731,92.026,329155,4
5dcUUklOiH01fVEH5pmWRs,52,0.511,0.782,9,-7.934,0,0.0486,0.00112,0.000825,0.11,0.551,100.002,237640,4
3WgTbafC5uRpdQdFndQYxE,60,0.857,0.706,7,-3.082,1,0.159,0.00539,0.00259,0.117,0.322,95.722,353760,4
32GWSQbpg1Ea1MMvl8HN23,54,0.565,0.867,2,-5.497,0,0.0333,0.0297,0,0.147,0.259,115.006,201427,4
4Dz0U7qR4GxIZAOGGEPuTf,56,0.501,0.687,4,-4.399,1,0.0289,0.0063,0,0.138,0.486,89.002,249400,4
6QUs5z2uEbSGZJpPGMfgQA,51,0.372,0.872,0,-6.651,1,0.056,0.0185,0,0.368,0.65,173.525,289560,4
1gRZkx4ePy3zGyZsd1J0dQ,53,0.663,0.691,7,-7.516,1,0.036,0.0199,0.00949,0.37,0.816,120.596,189093,4
0d2jEkvq1aUlQlpin2slC8,60,0.347,0.0523,5,-20.952,1,0.0342,0.99,0.945,0.185,0.138,130.377,200907,4
51VwpPzxUd6g94iELptagU,55,0.291,0.976,2,-6.443,1,0.09,0.000162,8.29e-06,0.359,0.276,112.225,208173,4
2Bhqg1ONbtcFBTR96H7oQw,61,0.85,0.723,2,-8.789,1,0.171,0.00943,0.0818,0.101,0.55,90.961,209200,4
6ZSHgXodh3huSt8f78zg1K,64,0.627,0.367,10,-9.498,0,0.0451,0.525,0,0.299,0.593,104.391,178680,4
0JiX8NsRdCHm8GliFuf97V,55,0.549,0.693,2,-5.572,1,0.0311,0.18,1.75e-06,0.153,0.819,170.241,249412,4
3GAdS8KTNSHChsgPwQt19Q,55,0.463,0.447,11,-5.779,1,0.121,0.762,0,0.0983,0.966,205.023,167288,3
69tDiG9LD67Dv3601LTO3j,50,0.642,0.76,9,-3.344,1,0.0287,0.361,0,0.0613,0.425,92.94,221627,4
41xb9U5PEsvZYLKFW50xCZ,68,0.504,0.748,6,-5.395,0,0.0473,0.349,0,0.0989,0.766,144.76,241627,4
288e3FhmVuCqPmNEfAH0h6,59,0.717,0.664,9,-5.023,0,0.205,0.0529,0,0.096,0.717,94.331,272840,4
1ytYTPuKbW0NIXb2kgmSVq,53,0.591,0.666,11,-8.062,0,0.0463,0.0012,0.000686,0.088,0.451,97.696,158592,4
5mSVJjVzZEoVrg6amF8udl,53,0.496,0.849,0,-4.975,1,0.0368,0.000333,9.16e-06,0.354,0.828,171.965,228867,4
6FuAe03bP2SQT4TCDKhuGx,57,0.713,0.96,11,-2.34,1,0.143,0.0381,1.25e-05,0.255,0.714,101.982,209760,4
6Yeiqec7xM5qssOH1FWV1g,56,0.904,0.686,10,-5.923,0,0.0387,0.0908,4.6e-05,0.0669,0.896,132.107,239867,4
11AnIo9kTnjhtD06y5Zd5O,62,0.726,0.837,9,-5.325,0,0.032,0.257,1.31e-05,0.322,0.559,120.04,295013,4
60e5PcqGmlVFQ0HHgUagCJ,59,0.797,0.644,8,-9.253,1,0.188,0.338,6.51e-05,0.0592,0.706,96.87,280467,4
1cM25iyn6zKOfnywTNtvyb,51,0.784,0.765,1,-3.545,1,0.212,0.095,0,0.182,0.845,94.812,212880,4
6l6UyIBwaNibzWZKfGkmJW,56,0.353,0.615,2,-5.932,1,0.0294,0.227,9.16e-06,0.0506,0.492,104.829,201533,4
7ct258f3gahMzwbl7VfU2Q,57,0.717,0.773,0,-6.333,0,0.0378,0.508,0,0.0802,0.899,117.107,224493,4
0SLOiJClXkAZluClYpke95,53,0.389,0.767,2,-4.314,1,0.149,0.00127,0,0.435,0.544,184.926,196760,4
4u6zS8iQZ7Y6LgW7WXwaLb,59,0.771,0.418,9,-7.2,1,0.053,0.554,1.85e-06,0.0528,0.954,126.26,198356,4
0riGx0wA6jMQsFmgdOUgcH,52,0.534,0.547,1,-7.915,1,0.0323,0.498,0,0.0897,0.423,158.006,201240,4
08VsSDNBuAOwGu8tkpJlSU,55,0.306,0.94,9,-6.475,1,0.119,0.000665,0,0.336,0.357,127.331,263813,4
3kaK1EohdhDXT5ICBMRGkz,52,0.549,0.908,1,-6.067,1,0.0345,0.00578,0.000257,0.0904,0.539,107.031,252867,4
2to9o6LK8E3czKV5ErHaAi,51,0.684,0.244,6,-9.316,1,0.119,0.876,0,0.171,0.87,70.192,74453,4
5qPkEnq2wSbnLJTK31mZy4,51,0.833,0.918,10,-3.053,1,0.176,0.177,0,0.0535,0.646,82.772,214533,4
6uWliNGZEZKGMPwSwccdjG,52,0.785,0.824,6,-3.808,1,0.317,0.0996,0,0.0859,0.73,160.05,269307,4
34DdiMOZFVqMHu0uJ2Vd8a,53,0.532,0.468,2,-7.624,1,0.0431,0.168,0,0.125,0.247,112.392,280173,4
2tMLPDIY5H1zICjyDLMXeT,55,0.549,0.99,3,-4.358,0,0.0752,3.78e-05,0.000837,0.343,0.493,124.075,206893,4
39badcyKTjOtBvv4aywpfs,61,0.558,0.924,2,-2.312,1,0.0367,0.0887,0.00326,0.263,0.344,117.111,256960,4
5qFDlKHNb0v68YSghSY4GK,53,0.6,0.875,5,-5.839,0,0.101,0.114,0,0.715,0.734,84.061,340133,4
3SFs98kiGoEnUi5jWx7RL1,55,0.503,0.454,0,-8.15,1,0.0432,0.456,0,0.0294,0.797,151.799,207227,3
0pLmfgIANOX9FB9uZDU43x,50,0.692,0.656,10,-4.81,0,0.151,0.358,0.0029,0.0929,0.629,105.994,248933,4
1JFPraHovseDzutd6BOIry,51,0.503,0.708,0,-4.148,1,0.0735,0.00134,0,0.081,0.533,90.356,205125,4
7dUCFnaGSWLH6SdDP08NLP,54,0.7,0.341,4,-9.454,1,0.0955,0.738,0,0.345,0.567,118.958,164933,4
3ey4YvqYyU7a44LCPUgLzx,55,0.474,0.879,9,-4.548,0,0.0528,5.73e-05,0,0.0987,0.587,165.014,154680,4
61tnA1xJXS6SUJSXAS0mAN,55,0.46,0.12,7,-17.511,0,0.0303,0.981,0.573,0.107,0.238,87.093,197040,4
1TQKEwq4y9SkNciJuisE1m,59,0.122,0.0407,4,-26.194,0,0.0457,0.96,0.847,0.104,0.0342,74.418,195600,5
4EQkcrSLF3QdlwNca7sMXY,57,0.89,0.541,2,-3.672,1,0.418,0.179,0,0.167,0.428,113.411,309893,5
4aOQG9TYcZOhT3sngkMI9K,53,0.642,0.388,0,-9.194,1,0.0322,0.473,0,0.0754,0.186,115.355,305093,4
1waOqfmEVkVC8WhaIP6uGI,59,0.838,0.453,8,-11.536,1,0.31,0.025,2.42e-05,0.116,0.815,78.837,256493,4
3oP2vxUR2bjFCrU9YolGnM,59,0.377,0.734,9,-3.645,1,0.0334,0.0985,0,0.0942,0.393,169.988,192827,4
2aHqdN4K9naX3oBuUxp6zf,54,0.408,0.674,2,-8.882,1,0.0297,0.000821,0,0.134,0.422,128.974,305053,4
2ZgyzFYYOz21b2AhPPkWKF,56,0.174,0.794,8,-5.336,1,0.0314,0.00217,0.733,0.0786,0.0976,91.665,236707,4
160gAhKZb7sGKlLwUUk8IX,58,0.84,0.699,6,-6.077,0,0.0625,0.239,8.41e-06,0.127,0.968,111.053,243667,3
57Uj1R74XAM4cSkgSWgAF7,59,0.691,0.322,5,-9.852,1,0.0313,0.809,4.4e-05,0.104,0.374,109.399,177373,4
0q5giEtY4wsFTwjWqswLwx,59,0.797,0.574,10,-7.268,1,0.373,0.229,0,0.0602,0.814,78.183,197573,4
3Q0kSmKpkffn4aWkYkWwet,50,0.924,0.647,7,-3.349,1,0.0712,0.00317,0,0.193,0.678,112.239,290120,4
4O4hiA7KxHhzv3s0QIHDlz,53,0.653,0.865,7,-6.395,1,0.0325,0.0075,1.18e-06,0.0629,0.828,116.966,227733,4
4zzXm1QJQXWLyUfFhWZBRg,57,0.68,0.675,2,-7.998,1,0.191,0.772,0,0.069,0.805,84.967,122867,4
5OX1HvUXMIgUg507al1WbW,62,0.713,0.628,0,-5.423,1,0.0265,0.457,0,0.175,0.37,126.014,312667,4
6NXaZTK2rnbA91jOEc3t1h,52,0.434,0.629,10,-4.764,1,0.0266,0.137,0,0.0909,0.272,153.38,239787,3
1ooQIGKHYJ9aKVsUynDpSN,49,0.649,0.649,7,-5.236,1,0.0272,0.00541,2.46e-06,0.111,0.463,124.46,319200,4
37QuCMe2SASXrkLm5NhT5m,59,0.673,0.73,8,-6.876,0,0.0671,0.431,0,0.075,0.788,134.87,269120,4
6fQJg7MdQssgZJDhTJtFtd,54,0.388,0.746,1,-5.306,1,0.0317,0.000555,0,0.0719,0.459,159.707,251333,4
1iC6iDolyChCB8wTBujAff,63,0.468,0.552,10,-5.918,1,0.0281,0.784,0,0.148,0.111,123.384,251187,4
5KiS8SFnu21xI74mHgfZ3D,55,0.514,0.911,7,-4.595,1,0.0528,0.00191,4.78e-06,0.0736,0.848,139.971,201293,4
6HH26pfSrXhOvF7Tvy75R5,59,0.684,0.776,8,-3.868,1,0.06,0.436,5.62e-06,0.418,0.925,103.567,239120,4
2HSwhGCgp8lac98wc8gkCI,50,0.702,0.0521,4,-14.354,1,0.0916,0.954,9.67e-05,0.116,0.558,80.147,88360,4
2RjpDxBii8EvC6p6wxwCSz,54,0.662,0.908,1,-4.764,0,0.0449,0.0506,0,0.0508,0.967,149.941,173693,4
2mKjs6s0Z1imKKb6gOk628,57,0.615,0.812,7,-6.573,1,0.0458,0.184,0,0.328,0.74,98.954,218240,4
6J5u0vxPw9hivRh6iIEbhi,50,0.591,0.713,6,-6.186,1,0.0342,0.000344,5.95e-06,0.0679,0.449,117.882,180600,4
0ScgmigVOJr2mFsAtwFQmz,53,0.49,0.985,9,-2.386,1,0.0639,0.0404,1.77e-05,0.304,0.886,82.043,256720,4
7kTVe6XhIveidvkt8nb7jK,57,0.59,0.00399,7,-36.497,1,0.242,0.996,0.946,0.0683,0.182,74.381,219760,3
2dCD8qq7yHZPZduA8FJazs,49,0.721,0.469,1,-9.563,1,0.193,0.104,0.000111,0.0724,0.694,86.811,275067,4
2LA4v20vokK9Uaj7WEEMaf,60,0.534,0.888,8,-4.667,0,0.0972,0.00128,6.15e-06,0.0772,0.582,158.368,233760,4
22F01qwlQDpxjPN8UQFz8n,50,0.818,0.767,2,-2.64,1,0.313,0.274,0,0.103,0.674,172.128,248000,4
36jSIOSE72neBbKntCthqw,59,0.701,0.677,11,-6.591,0,0.147,0.0737,0.000162,0.187,0.367,99.271,226440,4
4Z5KC5Oai5rYP0tXWKRUZr,56,0.92,0.721,0,-3.402,0,0.0457,0.209,7.21e-06,0.0707,0.914,125.097,254347,4
7paiVgZWTXquKHkOAU6mhN,54,0.434,0.227,4,-13.945,1,0.0283,0.938,0.69,0.0976,0.143,78.366,288440,4
4R9PIIpMfWs7ugMeDIdwMK,51,0.459,0.328,8,-10.638,1,0.0272,0.628,1.25e-06,0.0912,0.244,162.04,242933,4
0v1Yt7VZ6Q3qRM7iSHfJn2,50,0.769,0.548,7,-6.942,1,0.0336,0.574,1.23e-06,0.0757,0.965,148.03,215783,4
1nrBdOAOF6H5qpWfosJUbF,51,0.428,0.923,4,-4.121,1,0.162,0.00221,0.496,0.105,0.0469,140.224,256293,3
3hpUL1gDZWiz8k4DtYhZsS,52,0.964,0.727,2,-4.441,1,0.121,0.204,0,0.0638,0.913,107.067,228333,4
2f1BjAVy4k8B3pB4qBntHj,54,0.614,0.707,1,-5.484,1,0.0519,0.00247,0.0975,0.101,0.711,159.976,256853,4
5rPnv4gceOGKCqbN06F2aJ,60,0.641,0.657,1,-9.354,1,0.0604,0.276,0.0261,0.713,0.602,78.132,428360,4
2LrvK045zLQyt4s9n1QSBA,51,0.637,0.678,8,-2.21,1,0.0345,0.0543,0,0.0961,0.426,77.928,297360,1
2i3omjTIX5Q16rKnF6fGlL,59,0.519,0.414,2,-8.852,1,0.0284,0.366,0,0.29,0.147,122.797,353600,4
4Bjwyj8KM85xblkSt5A24j,54,0.771,0.769,10,-6.021,1,0.0977,0.144,2.63e-05,0.0544,0.877,96.952,291067,4
6GkTKjv1XbFVdI2D8vvDPu,56,0.684,0.735,2,-4.596,1,0.273,0.00925,0.000659,0.288,0.06,171.383,320293,4
0rBzABScu9c6D1Juislm2z,50,0.692,0.921,8,-4.853,1,0.105,0.0016,2.05e-05,0.299,0.856,173.837,229160,4
2QE8R10kBgZkgosYsrChT7,60,0.626,0.685,7,-8.276,1,0.0323,0.3,8.48e-05,0.142,0.907,145.958,208533,4
7GruDI1IfSMW91XgedPTpq,59,0.519,0.681,0,-7.392,0,0.102,0.344,1.27e-06,0.252,0.743,175.213,182040,4
2Qdnk7tbc4onLOIPd1eSNE,64,0.45,0.525,3,-6.893,1,0.0271,0.522,2.43e-06,0.254,0.371,187.525,232200,3
1lldOhIq1tf0XyQUBWDeOc,49,0.409,0.847,1,-3.939,1,0.0519,2.17e-05,0,0.0952,0.336,117.935,199600,4
4Nix3wBLniuvWt1y1TMtgd,49,0.74,0.442,4,-7.573,0,0.0421,0.0503,0,0.0881,0.219,79.009,360467,4
6DhcuZbi4FW28RLicWNmmx,55,0.332,0.418,0,-14.26,1,0.0439,0.262,0.883,0.0976,0.0369,99.944,262160,3
2NDMLabAjx4oL7ezx2PNxS,50,0.314,0.139,5,-15.307,1,0.0317,0.95,0,0.101,0.182,101.939,193667,3
09eEn3vbwXzrfnTJOhYLWC,54,0.352,0.0734,5,-19.988,1,0.0331,0.983,0.925,0.377,0.0395,77.057,242573,4
2LVxvGhl2U5p2ql2ujc6vZ,59,0.513,0.82,7,-5.428,1,0.0299,0.00192,2.83e-06,0.504,0.52,99.952,269400,4
0cuLak2CHr0Lvua8kV0w6n,54,0.778,0.823,5,-2.981,0,0.199,0.0165,3.8e-05,0.282,0.856,97.885,275093,4
30uLviIQ59DMggZOC2VNpo,57,0.5,0.729,4,-7.274,0,0.0314,0.141,2.07e-06,0.128,0.441,160.161,176493,4
0K8Hm9Q7GbyucgQB5BhC5C,50,0.529,0.836,6,-4.595,0,0.0429,0.00337,0,0.0665,0.394,163.838,251733,4
3iBemYZi4lw53UYDlxqMlw,54,0.536,0.394,0,-9.647,1,0.0345,0.853,2.55e-05,0.115,0.383,100.157,233240,4
6H8WMHCov3QGaPLbpOMpcJ,50,0.706,0.516,10,-8.378,1,0.032,0.103,0.00107,0.551,0.748,94.428,179960,4
1O1mCVN5hue4lOOqd5EysZ,54,0.708,0.538,11,-10.28,1,0.0686,0.256,0,0.193,0.651,98.233,219307,4
3nc26BadAx1ovvrzxcj80x,48,0.926,0.512,1,-6.179,1,0.254,0.407,0,0.031,0.749,100.037,286067,4
0sMIqkhsrKaIU3G1WwlY2X,58,0.924,0.484,1,-7.255,1,0.271,0.405,0,0.0311,0.756,100.014,285600,4
6KDG8vvFerlCU63IXdw1zb,59,0.542,0.722,7,-5.065,1,0.0262,0.0516,1.18e-05,0.131,0.609,115.21,272360,4
3bqYHUih1TEpYCr1WPg8Kv,49,0.61,0.764,6,-7.289,0,0.0333,0.292,0,0.13,0.584,98.454,202933,4
0NWWDumjD2TCrR6iV6ZFgR,54,0.904,0.944,4,-2.626,1,0.138,0.0339,0.00592,0.075,0.931,131.599,250693,4
0cv1Mnb47oMvjVKMc2cyZw,61,0.859,0.658,8,-4.481,1,0.192,0.0326,0.00181,0.0651,0.538,98.989,255267,4
5XI5tzAbzrhkGtLukDTDSG,57,0.615,0.637,1,-6.196,1,0.463,0.0748,0,0.0779,0.833,85.428,174267,4
4hAUynwghvrqDXs1ejKNEq,66,0.438,0.325,2,-11.066,1,0.0268,0.893,5e-06,0.107,0.362,101.577,177840,3
1qIi03YucQ0hSyM08VngF2,49,0.527,0.774,2,-7.379,1,0.0399,0.000277,1.69e-05,0.121,0.199,131.841,303667,4
3cpBfqMWR414bbh8Q0ZlYW,53,0.679,0.484,3,-8.687,1,0.0473,0.647,0,0.0795,0.776,97.264,204147,4
04CTkeKYarZAC3LEYpsTDK,58,0.682,0.563,9,-6.864,0,0.0287,0.195,6.75e-06,0.124,0.85,145.333,218920,4
3N7oZZG0sPkdBITPI7LwYf,61,0.404,0.403,9,-8.832,0,0.0279,0.803,0,0.123,0.26,76.711,173507,4
7iBBcw61QVJxI3NDzlpX2E,58,0.439,0.0529,9,-16.253,1,0.039,0.881,0,0.106,0.314,109.382,162067,3
2Ms33RTRCT6gArrpcrPxmo,74,0.599,0.732,5,-6.843,1,0.026,0.0145,0.000467,0.143,0.295,97.997,263867,4
6Ji1sHZczmntLaTrQa1uLg,58,0.593,0.27,0,-12.142,1,0.0274,0.892,0.00198,0.0976,0.479,74.652,236840,4
4U3Ggqyv2XgnS1u82HOGQX,60,0.827,0.454,1,-9.737,1,0.0346,0.564,0.00353,0.0734,0.738,117.397,251333,4
6pHCJmx9FXnMwEqB0LWUEH,68,0.653,0.858,10,-4.646,0,0.0307,0.0235,0,0.11,0.583,127.981,259440,4
2Xg030uYjEA9FNiSKbD3R8,61,0.796,0.766,5,-5.227,0,0.035,0.392,0,0.0678,0.945,91.767,273880,4
6LPqphk2rbt2i63bR2o247,54,0.564,0.0822,8,-17.658,1,0.0453,0.962,0.583,0.11,0.483,127.422,169507,4
7IsSXaTgBu8ChPx9jLgx28,49,0.692,0.565,6,-6.033,0,0.0957,0.0948,0,0.304,0.511,122.934,196373,4
4dIrj82d70x7vGmUxTyOYC,53,0.618,0.748,0,-4.131,1,0.0373,0.0869,0,0.647,0.584,125.94,172907,4
3QHOeZLrjWV3R1ps587v7c,51,0.7,0.664,5,-8.786,1,0.323,0.606,1.81e-06,0.28,0.965,102.658,241160,4
3d5m9pAfgKSqMsn3kX1J2P,55,0.656,0.82,1,-6.463,1,0.0297,0.0133,0,0.132,0.883,122.252,168800,4
0BGjGnyzTgdLi1zxnsMGDc,63,0.75,0.779,7,-4.389,1,0.073,0.317,0,0.0567,0.601,94.96,282280,4
5IZHmgIkES7t7Kpd9a1wbX,52,0.602,0.851,7,-4.899,1,0.0545,0.00127,0.00201,0.103,0.478,107.018,191827,4
6ifNuuYjiS5NdMabN4Jvrs,63,0.699,0.908,5,-6.72,0,0.237,0.13,0.000194,0.34,0.692,171.87,232533,4
39sTsvAvcEsiyM6sLaffIV,49,0.743,0.457,1,-8.262,0,0.0619,0.122,0,0.0864,0.727,81.672,248360,4
0zQQZYD7Nb80dyIYebSqNN,60,0.814,0.708,0,-7.807,1,0.0396,0.232,0,0.125,0.951,142.039,196453,4
5WuvsVJcKm6Gr8XEFBbCeB,50,0.706,0.852,9,-4.553,1,0.117,0.0305,0,0.689,0.585,90.041,272667,4
5vyVckEUyIogu3Fq7J3lBR,49,0.617,0.504,9,-6.702,1,0.0295,0.354,3.1e-06,0.0875,0.197,77.988,245573,4
7pAUPye8Lip2VnKmnzRiHD,53,0.456,0.639,8,-4.822,1,0.087,0.726,9.82e-06,0.131,0.972,201.542,148000,3
2kyezitNXSQaIa1nsQRWVp,61,0.549,0.651,5,-8.122,1,0.0265,0.0638,6.95e-05,0.0823,0.444,80.934,243960,4
537HmLcT2Qf5x4W7Z4AxZ7,48,0.785,0.459,5,-8.473,0,0.0857,0.346,0,0.333,0.314,94.822,247667,4
6AgSJsbx0DRnH0jIwDVOGF,61,0.427,0.275,5,-13.731,1,0.0296,0.246,2.62e-05,0.299,0.723,92.999,183027,4
5fkDD7aQLUmMy1EwzNm0ZB,62,0.574,0.691,6,-5.103,1,0.035,0.0826,1.65e-05,0.149,0.195,91.969,259773,4
4WKQHFv4KqIehRBb3V3a9p,59,0.931,0.39,9,-9.959,0,0.102,0.0694,0.115,0.0807,0.878,107.305,168480,4
2ZrF3UfwS50CKE8jQQVjWj,55,0.116,0.0011,2,-39.982,1,0.0544,0.988,0.227,0.0991,0.0387,70.332,255960,3
6D7P6KUScLkN2IcTu1tbSA,50,0.744,0.795,7,-6.443,1,0.0444,0.189,0.000712,0.195,0.912,145.833,202627,4
0sAIljILdEo8Ku4tPLQ7dF,55,0.487,0.971,2,-3.294,1,0.0695,0.00341,0,0.389,0.377,100.254,209627,4
6UEfyhyfhYQsyipxOd95Ie,68,0.607,0.923,1,-6.777,1,0.0948,0.0193,1.1e-06,0.0924,0.868,184.819,213973,4
3t2qNn63zKaCT1pYyMPIoR,53,0.741,0.792,1,-5.542,1,0.329,0.0551,0,0.317,0.797,98.52,166693,4
0dHogHUS4xgLOoFBt0ko1j,60,0.48,0.908,0,-5.466,0,0.0452,5.45e-06,0.856,0.0932,0.313,95.084,220707,4
4JJ5zGKnb1IpERyBrfmb1y,58,0.525,0.472,5,-8.018,1,0.0255,0.156,4.39e-06,0.29,0.116,138.39,351400,4
4tZdPxjFCZepceY2iuoeKp,53,0.421,0.851,5,-5.505,1,0.0305,0.0128,0.791,0.2,0.441,114.423,387933,4
2VRArF8Mnmi1dHiHr1DlNE,60,0.787,0.779,9,-3.558,1,0.0391,0.0218,0,0.0623,0.978,100.001,205200,4
28DmL4rDQvqZVqvVzVfkQa,48,0.87,0.492,9,-6.175,0,0.304,0.136,3.45e-05,0.0747,0.576,162.03,252907,4
1WgOedf4pKmgepml1CMW6o,58,0.812,0.638,6,-8.116,0,0.0613,0.0219,0.161,0.0856,0.905,135.165,412027,4
4TJ56OkWrnf2fv2a6T69DL,49,0.974,0.586,0,-3.801,1,0.18,0.12,0,0.0585,0.689,113.998,260480,4
75losSBec1tZJmJb4pzURW,59,0.261,0.429,0,-9.909,1,0.0404,0.383,0.000192,0.116,0.385,81.126,245880,4
3i8TstjJck3vHAohHEfgCh,52,0.421,0.878,1,-3.545,0,0.0799,0.00281,1.23e-05,0.0589,0.517,164.161,248427,4
79pY2Z5eFvXMt9bSdHLrnA,61,0.323,0.728,7,-5.416,1,0.0321,0.00394,0.000447,0.102,0.489,161.586,215333,3
4mfc9g4VHf8e7mVLiPEsrq,56,0.839,0.736,4,-4.833,0,0.286,0.294,0,0.339,0.783,81.859,306200,4
115a4lQhDJGnu4QVSa8bUW,58,0.751,0.912,5,-1.822,0,0.0391,0.0247,0,0.0778,0.804,108.002,205000,4
5v1bA7NmQcQHvH9IDkeeF4,48,0.497,0.717,8,-4.224,1,0.0303,0.201,0,0.0458,0.771,168.999,196952,4
1XnPVbzLhuBv0sHaCTgyoi,60,0.476,0.706,1,-7.839,0,0.0289,0.379,0.000242,0.877,0.368,114.858,227467,4
7FNIEfhhBlzsZFxCwI5Nwh,58,0.59,0.976,11,-4.866,0,0.0488,0.000154,0.293,0.155,0.686,114.996,213240,4
114bGIxUrj6vnZwWEfEdMP,49,0.445,0.932,4,-4.739,1,0.316,0.000866,0,0.108,0.51,113.945,271093,4
2czBvzOv3TvnyoW7Ozo7fP,56,0.499,0.761,10,-6.381,1,0.0324,0.0655,0,0.0895,0.326,110.186,287040,4
0SVgIXFSIAegRNMO06g1Ki,58,0.614,0.803,7,-5.732,1,0.357,0.316,0,0.156,0.395,83.898,290333,4
2KhEVY9OrCbk1SqmYpVWhH,48,0.566,0.849,2,-6.575,0,0.0447,0.00596,2.29e-06,0.115,0.402,98.996,219400,4
1tTZM7LUDkxcykOVVIGW4W,48,0.597,0.773,2,-4.053,1,0.0288,0.0351,3.85e-05,0.248,0.354,100.009,228200,4
1zpIpaDCv77z6zN2fHNTW9,51,0.436,0.115,9,-13.627,1,0.0316,0.829,0.000165,0.112,0.14,181.959,282390,3
0gJBPDy458wPeWGHei3TvO,59,0.581,0.777,8,-7.122,1,0.0296,0.0078,4.04e-05,0.0891,0.162,98.963,284067,4
798bKohvGZenetnHsKzUC6,57,0.685,0.823,10,-6.901,0,0.0524,0.165,0,0.0796,0.947,174.491,222733,4
2cVJwPD5CaTx2kBZyomzGN,66,0.546,0.678,7,-7.733,1,0.0819,0.474,0,0.353,0.825,95.027,215000,4
6kcEeXcDca8oe9dlvYeGmI,51,0.371,0.666,0,-3.336,1,0.0301,0.244,0,0.151,0.449,185.476,238440,3
3w1zJpurtqHAllY2olNtia,57,0.657,0.515,2,-7.311,1,0.0306,0.461,0,0.123,0.582,142.485,198160,4
7iKXO3oCFiiZRniwAJaGa4,49,0.702,0.78,9,-5.379,1,0.168,0.0956,0,0.105,0.375,135.991,261987,4
1RxLSgcsZimzKnpCLzdVsi,51,0.579,0.925,4,-5.026,1,0.0509,3.75e-05,0,0.174,0.66,117.984,188320,4
43LdgobPlcCc5g9Kmactvy,53,0.495,0.894,10,-4.89,1,0.102,0.136,0,0.106,0.777,168.062,274360,4
0EXm0iaB0CzqtsB3VaupXj,49,0.847,0.884,11,-3.326,1,0.245,0.514,0,0.303,0.845,99.036,254307,4
7io19rjxOFu3pGuZgBI6Pk,57,0.813,0.687,8,-4.85,1,0.298,0.0346,0,0.0878,0.666,83.944,285640,4
0shyNPN3qd4FSXqqiwbP04,52,0.871,0.67,8,-4.969,1,0.0538,0.129,1.9e-05,0.239,0.962,105.278,218240,4
2Ps4FrDiR6JcJfSZbXAPBz,53,0.441,0.943,3,-4.996,1,0.138,0.000506,0.0397,0.122,0.142,177.971,253760,4
0ll9JAIrM3NVBOMl45sxSX,47,0.871,0.481,7,-9.068,1,0.0383,0.52,5.54e-05,0.0809,0.664,103.063,261200,4
5Kj6WCM3ZNak8s8DCh95XX,50,0.356,0.914,6,-5.698,1,0.0689,0.00108,0,0.139,0.149,136.104,180027,4
2U30Cro2IHiKNJTiNb4Wqd,48,0.672,0.94,1,-3.914,0,0.142,0.139,1.75e-06,0.391,0.519,145.976,252107,4
4tw2MGyKR4FW8vIShly7T9,52,0.406,0.109,7,-18.023,1,0.0304,0.971,0.818,0.109,0.157,101.076,175867,3
0LyZGZEZcFqpeF8bAfx3v0,54,0.777,0.751,1,-5.692,1,0.133,0.245,0,0.1,0.191,177.894,272293,4
0R5da1qbsZ8juxK3Dm8XCw,55,0.709,0.93,2,-4.13,1,0.0337,0.04,4.09e-06,0.338,0.799,130.991,225840,4
5GDhZIimrLEJAgV7zVshSG,49,0.291,0.868,11,-3.601,0,0.126,0.00297,0,0.33,0.657,168.181,228610,4
7AUjDtvBKzMif7i9rBH6o9,47,0.596,0.861,4,-6.75,1,0.067,0.0021,8.39e-06,0.0925,0.293,120.032,329773,4
7vIyudiO2Tr9hZ2yzfwQmx,60,0.584,0.82,0,-5.228,1,0.0271,0.0116,4.04e-05,0.0991,0.869,106.055,256133,4
6y1etHPLRsgA467gLBOgBm,55,0.479,0.873,1,-5.896,1,0.0438,1.42e-05,0.000565,0.0974,0.816,116.71,301453,4
6iJ0ZVoJK3E1Byn8Z3XF9R,49,0.506,0.929,0,-3.269,0,0.0531,0.0127,0,0.0974,0.621,159.961,187347,4
18tS6OYnEJfHWokX62T322,52,0.898,0.669,0,-6.618,1,0.0356,0.0835,1.92e-06,0.0837,0.84,125.136,245867,4
78oeeGkqmsr6r6AlW0x69d,53,0.582,0.925,7,-3.15,0,0.182,0.0341,0.000116,0.579,0.701,171.543,241908,4
4dJMoLxnO93Ys7SqZNIxlg,54,0.428,0.88,1,-2.392,1,0.0703,0.000332,0.023,0.649,0.946,169.597,116893,4
5qjSPrKTBqYpgVJSTcgKTd,64,0.683,0.722,8,-7.578,1,0.0354,0.389,0,0.104,0.905,160.892,294027,4
6A4Kuy7JL0Znab3Skgloiv,53,0.721,0.794,4,-6.134,1,0.132,0.0195,0.00013,0.283,0.562,103.211,228493,4
2ZMEdXxVSRfMshCDBMjt0o,52,0.786,0.469,2,-11.336,1,0.105,0.00776,0,0.0834,0.8,119.929,334000,4
4h0LRnVH2sBLYwoTDHxcfr,52,0.626,0.824,9,-4.031,1,0.0437,0.0606,0,0.307,0.952,152.041,180933,4
1LitgN2tFmNVEtLY6qh5SZ,55,0.898,0.579,6,-7.947,1,0.0458,0.353,4.17e-05,0.0441,0.961,122.248,264040,4
1pWAOjPUV6rrGcmLJaXgPR,58,0.665,0.788,10,-5.757,0,0.0725,0.0141,0.897,0.422,0.658,189.88,121280,4
3VqJUdav5hRAEAvppYIVnT,51,0.351,0.944,0,-6.51,1,0.148,0.000811,0,0.495,0.462,122.58,203147,4
4BcS4LomxUnQpzx4hCaJTs,56,0.62,0.934,4,-3.427,0,0.0411,0.0201,0,0.19,0.887,91.234,269000,4
3QxgOiZSkuyq7hALKV3fJa,50,0.78,0.529,2,-9.549,1,0.498,0.896,0,0.654,0.966,141.763,237053,4
6dzrCHBBKutQezMkeWaOEY,56,0.781,0.412,7,-9.187,1,0.188,0.00294,9.85e-05,0.213,0.449,127.968,271200,4
5QiTs0egWAq0k2O8HWKoEP,50,0.767,0.493,6,-5.346,1,0.0425,0.136,0.000269,0.0603,0.811,96.003,260067,4
2PIiJygHejQqFLmOjmKgpJ,51,0.767,0.468,11,-7.066,1,0.0715,0.759,5.39e-06,0.0528,0.97,104.041,145496,4
1lH7iIoRToQuAVR2uj9ICF,48,0.746,0.794,2,-6.007,1,0.0884,0.125,0,0.29,0.967,170.284,161720,4
2t0ZYmVXMR36fchq1Egs2d,56,0.452,0.976,0,-4.349,1,0.117,0.016,0.00631,0.0985,0.178,123.035,216973,4
4tKGFmENO69tZR9ahgZu48,54,0.73,0.849,1,-5.281,0,0.0299,0.00234,2.6e-05,0.312,0.887,117.31,230013,4
5sLDGXH1gGKZeOeo9tcfDv,47,0.543,0.436,7,-8.198,1,0.029,0.756,2.26e-05,0.146,0.525,143.389,234133,3
3JwRNyUYy89ynTQoYefjhn,50,0.292,0.957,8,-4.36,1,0.0897,0.00039,0,0.119,0.368,94.464,186240,4
4u0mNH2fqIoeeyGff3NLrx,50,0.42,0.895,3,-4.155,1,0.0614,0.00103,0.000207,0.356,0.577,108.832,189547,4
4vFEiNPUaEvfWnHwVRa0Kq,57,0.327,0.23,9,-24.346,0,0.0437,0.984,0.895,0.0952,0.918,139.677,72107,3
4qqf1avpzRUnVowNQd1jFw,54,0.772,0.483,8,-9.177,1,0.0381,0.889,0.0102,0.0626,0.839,130.989,135653,4
2uQ4px5SPONsgcUpulywIQ,57,0.269,0.176,3,-10.463,1,0.0296,0.836,0.0343,0.122,0.105,78.861,319360,4
30RgZM0hngr1UOy4rs7WYf,60,0.818,0.882,1,-5.354,1,0.0542,0.491,0.0112,0.0259,0.963,132.851,286173,4
2gB1aIidmaeWBapZuqr4xg,49,0.688,0.715,7,-10.255,0,0.0361,0.722,1.25e-06,0.0862,0.95,167.834,280267,4
7clQlmRcKRDWXWu9vmYexQ,49,0.582,0.636,5,-9.767,1,0.0377,0.0502,0.897,0.117,0.672,82.019,291520,4
3ge3q3Hz0KWhQX5EAQcwEy,62,0.804,0.67,7,-8.142,0,0.0897,0.131,0,0.148,0.644,97.969,309480,4
0eV3PB3T0OxW4feG1DlOjQ,64,0.577,0.901,1,-5.981,1,0.0492,0.000431,3.59e-06,0.672,0.337,90.997,231387,4
3XS01xqHzkICimJBDwy0iA,49,0.529,0.402,11,-11.616,0,0.0567,0.205,0.624,0.332,0.584,77.086,282667,4
5dxTcyXweSV3tAQkRDldwd,53,0.809,0.507,8,-5.889,1,0.0341,0.368,0,0.0597,0.961,125.841,238093,4
7qPYC9z7FSJIjDc3V2tBix,51,0.402,0.912,8,-4.884,1,0.126,0.00342,1.08e-06,0.121,0.824,193.791,159573,4
2vLgTJ8YADmKDvrfkrUCaJ,49,0.322,0.879,1,-3.297,1,0.0661,0.0316,0.081,0.267,0.227,179.911,300387,4
0whlogyhf1AejBU72KNv38,54,0.525,0.739,7,-7.521,1,0.0246,0.0554,0.584,0.0872,0.651,108.568,240093,4
5PG0KLm66uabwKFWSGNe5U,55,0.643,0.371,2,-11.007,1,0.0658,0.814,5.65e-05,0.551,0.675,89.944,178678,4
0ETiP5S8lbp8w6O7hc70Kk,47,0.531,0.522,7,-11.001,1,0.0372,0.536,0.0424,0.0946,0.523,110.104,200613,4
7A1uqFLf1ZogDxxQZDoZHK,48,0.657,0.464,4,-7.573,0,0.0614,0.548,0,0.161,0.598,75.982,227067,4
1zUQcIZZK3QpJKeBNbS9wk,47,0.587,0.694,8,-8.171,1,0.0295,0.0148,1.04e-06,0.198,0.325,87.971,239067,4
3wQ8RcbLwNRH53FelAVCkX,51,0.837,0.568,8,-6.899,1,0.0574,0.0514,0.0203,0.0781,0.429,96.899,260027,4
2oj1WfUGiBa8eCyMx5D3I5,48,0.542,0.401,0,-14.911,1,0.313,0.802,5.9e-05,0.442,0.325,112.825,284267,4
5a251qN4R86hro8UZGuO4E,57,0.92,0.811,4,-2.892,0,0.117,0.159,0.0026,0.0935,0.602,97.117,227867,4
5CSossBRgqQUcBJGkI9H8S,50,0.78,0.604,1,-8.019,1,0.0396,0.022,0,0.194,0.12,101.043,324600,4
2UvrcTdxrrDGszXONI5G91,51,0.359,0.614,3,-5.066,1,0.0293,0.0593,0,0.0867,0.135,147.858,275960,3
5fuON606j1hkPGJhFMwerY,49,0.69,0.494,9,-9.147,0,0.0275,0.407,3.79e-06,0.114,0.84,127.314,205053,4
5hFkKLE06GhSuqoLJR2oP7,57,0.489,0.357,9,-9.202,1,0.0291,0.875,0,0.0951,0.495,96.112,186307,4
0QqFvqQ9Lujnc7QaYBEw09,56,0.828,0.407,10,-8.711,1,0.0541,0.767,0.000168,0.155,0.979,118.037,207000,4
0ZrptJWS6dYhcv7j8ncrmf,56,0.583,0.569,10,-6.833,1,0.0288,0.215,1.98e-05,0.252,0.707,109.897,187200,4
2cdzutoqFK6sfW6exi7oXh,58,0.838,0.616,8,-6.502,1,0.0433,0.575,0,0.0785,0.971,131.719,128307,4
3nH2w4Q9yths31lC9C26fT,57,0.573,0.806,2,-5.172,1,0.0326,0.000598,5.28e-06,0.142,0.589,101.998,223867,4
29z6nESQsLBgtJkUXOJvGN,51,0.744,0.397,6,-9.778,1,0.0296,0.226,0,0.124,0.289,109.841,212040,4
02tuq9VGMAQpYYp70z2fBI,53,0.49,0.918,6,-1.979,0,0.0935,0.000129,0.0109,0.603,0.379,124.995,213800,4
4TlYG3mKosVWfGbb9VfDh3,52,0.845,0.517,1,-9.35,1,0.31,0.202,0.00237,0.134,0.641,117.929,206400,4
37Eubg0j5HOaPsVOyiBXWA,54,0.474,0.426,9,-14.379,1,0.0348,0.108,4.07e-06,0.34,0.961,96.445,177547,4
0TJehV8X01sPTJqMNRV2v3,59,0.658,0.818,5,-6.173,0,0.0405,0.674,8.49e-06,0.38,0.923,173.075,289627,4
3q0e7q1txYuW8rRzCqzRBS,49,0.7,0.402,5,-9.93,0,0.277,0.0494,1.05e-06,0.16,0.499,77.872,300600,4
6zLXWVAskybBaM2L5rCxiG,51,0.647,0.814,11,-9.377,1,0.0429,0.0105,0.00361,0.366,0.784,117.979,187507,4
3l8pXh8xpOF8aC5N61uVn6,46,0.859,0.429,10,-9.949,1,0.181,0.101,0,0.0813,0.443,92.042,209320,4
0MnAe95wZXodQ27X4xmmPi,55,0.65,0.53,10,-9.947,1,0.0406,0.353,0,0.0539,0.618,94.656,183267,4
17SLKNcZHfggqIkVHD08e5,49,0.708,0.644,8,-4.825,1,0.238,0.264,0,0.116,0.662,89.968,243440,4
2UgCRfbt0gafXbUDyMmnqh,47,0.923,0.688,2,-3.904,1,0.252,0.31,0,0.0866,0.796,93.931,256400,4
1HnriuDThLq7bEl1QKiaJL,64,0.861,0.405,6,-8.84,0,0.0532,0.203,0,0.103,0.54,116.831,256733,4
0cEg4i5ArOm50TMr9M64BE,46,0.269,0.853,7,-4.647,0,0.0854,0.000249,0.000246,0.118,0.179,141.581,299533,4
0p7QF136UOOUHnyU8CuZra,50,0.629,0.204,10,-12.619,1,0.075,0.864,0,0.0863,0.489,89.199,182667,3
5AdH7YPhpK5zUz5Buz08zF,62,0.56,0.511,6,-10.34,1,0.0327,0.278,0,0.0817,0.453,141.624,281480,4
5oqiovQufNFDhA2PpvsaCF,56,0.657,0.755,5,-4.067,1,0.0374,0.0143,0,0.556,0.707,125.974,172973,4
4TRPgtjVmqg7EAWZe1T94E,53,0.369,0.933,0,-2.853,1,0.0349,6.83e-05,0.397,0.528,0.521,146.805,193627,4
7kzag1RHJUYeY8i3KRrQKw,48,0.437,0.0851,6,-19.109,1,0.0488,0.986,0.932,0.0947,0.594,176.988,172067,4
1sUQJeihi2iSAQOXtxRjkz,55,0.604,0.579,11,-7.252,1,0.0285,0.369,0,0.0876,0.377,73.911,230737,4
5en63QU81VfRQIsoqBcfde,54,0.476,0.871,1,-2.672,1,0.041,0.000395,0.0244,0.118,0.302,154.568,134907,4
6tLRGja4JrRoIUBAhmK4WZ,51,0.664,0.532,10,-12.057,0,0.421,0.327,0,0.199,0.772,102.945,181133,3
5nP0d0eDMJ1wIaR9VNYz50,59,0.114,0.0751,10,-18.377,1,0.0395,0.993,0.0608,0.0816,0.0402,85.444,1281693,4
7zqyhEbjAajHuvH2Icn1Hr,47,0.203,0.873,4,-4.107,1,0.0667,0.00234,0,0.0883,0.336,170.838,201358,4
7cKDTgEOfhG4v6R8HngRrP,61,0.628,0.74,8,-6.509,1,0.0272,0.428,0,0.301,0.708,143.917,282707,4
1foCxQtxBweJtZmdxhEHVO,49,0.7,0.139,8,-12.346,1,0.0607,0.902,0,0.185,0.49,84.485,206067,4
3gkjixuqZ5l7rsjVEoof0e,52,0.831,0.76,8,-5.324,1,0.0365,0.486,0,0.0846,0.963,101.567,197067,4
7vKYuqKAySUizIkcAl4Oal,49,0.72,0.513,6,-7.746,0,0.072,0.118,0,0.114,0.304,89.004,248773,4
67foWfrFF0pHYh7H0XQuBl,51,0.556,0.871,7,-0.853,1,0.0276,0.142,9.09e-06,0.0581,0.745,111.859,197933,4
5bX4DfCjAI8ORKWLX2iiOJ,57,0.803,0.248,3,-12.978,1,0.0497,0.782,1.12e-06,0.136,0.968,95.972,211907,4
0lupD4hTJaH9h3SHMGymIK,51,0.707,0.506,1,-9.216,1,0.039,0.0154,0.0121,0.165,0.871,146.982,180480,4
6KUI3A3jmZ0cGLDzOT41lX,53,0.842,0.656,5,-3.189,0,0.107,0.16,0,0.0626,0.95,102.794,207133,4
4raQiFeEYA71ULlT7ecdTE,55,0.559,0.399,3,-4.73,1,0.0341,0.798,0,0.238,0.841,90.037,187773,4
2L7E2IsUbGiGqT9aSehkID,50,0.63,0.6,11,-7.433,1,0.383,0.569,0,0.0988,0.731,136.003,238000,4
5dDDlK2uYeRo0DmvJGfIDW,50,0.209,0.957,7,-4.336,1,0.0921,0.00306,3.38e-05,0.315,0.578,155.06,218960,4
20Sp7dNLM3NjIu3TInDqjq,49,0.764,0.873,2,-6.21,1,0.291,0.0608,0.000363,0.0757,0.719,93.073,258067,4
5qnOCQW9EwKd6kG6HVecHo,51,0.486,0.82,5,-6.023,1,0.148,0.136,0.00819,0.325,0.498,121.063,153987,4
0khnsS3vcqT6qngEhZCk4c,47,0.501,0.3,10,-9.371,0,0.121,0.247,7.23e-06,0.0917,0.437,153.763,406733,3
42QWOsW1f9uDu9zsoUAE73,64,0.35,0.664,11,-4.955,0,0.0892,0.604,0,0.0877,0.571,171.644,188107,3
7yYN70n6NTdA3NCHfdbKn1,67,0.456,0.668,0,-5.494,0,0.0351,0.596,0,0.219,0.183,133.972,255533,4
0Unc6GaK4h3RXmUbUAvtdc,50,0.288,0.933,8,-6.947,0,0.0968,0.000971,0,0.133,0.497,98.918,231853,4
3rHsX3TLPYixr7eGzRlZqI,52,0.912,0.824,9,-5.163,1,0.0831,0.0776,0.541,0.026,1.0,144.925,200213,4
5lIOhDGfy2lQJWWwxBm8L4,59,0.611,0.428,10,-10.723,1,0.0474,0.834,0.00517,0.113,0.389,133.281,168627,3
3xOAzRgOEDn0zc4zPIBRsE,51,0.574,0.456,7,-5.66,1,0.0259,0.157,0,0.251,0.234,62.261,298893,4
6BJOQ94yeGXYwuR6X9QO1N,46,0.655,0.807,0,-7.674,1,0.0309,0.0056,2.42e-05,0.159,0.73,120.781,239560,4
2urZOEgVXM7rj59Ui0FuNn,53,0.37,0.941,5,-4.783,1,0.0602,5.26e-05,0.675,0.0732,0.382,120.501,251547,4
1dF2rAqckKsi5DJqil4KGT,46,0.698,0.524,6,-6.69,1,0.0362,0.0131,9.22e-05,0.27,0.566,73.597,327493,4
6pyex9B1kBoRIuabBAc4m8,56,0.635,0.672,10,-6.788,0,0.0637,0.314,5.03e-06,0.0688,0.895,166.903,155333,4
3ALem2cU9XKuWT4CLAeDMK,48,0.545,0.497,11,-10.768,0,0.036,0.329,0.00369,0.186,0.82,154.235,166800,4
1X4x5dsB2OhY4CctleooV2,46,0.901,0.833,11,-5.396,1,0.189,0.322,0,0.112,0.446,94.26,285160,4
7qFEFcjmSAtODGtLYqraCq,53,0.685,0.89,8,-3.943,0,0.253,0.00183,0.0107,0.0473,0.878,104.919,248267,4
5hxkeQ1A1A9zDVX8jRmbK4,52,0.687,0.659,10,-8.501,0,0.0606,0.178,0.00887,0.104,0.889,171.926,219787,4
6ZqclUhrzMRTcMC4IT4ts4,46,0.384,0.936,2,-3.776,1,0.0579,0.00037,0.238,0.157,0.474,171.828,233333,4
6WBzCRqjK96aKBvKiIyiZO,50,0.885,0.551,1,-9.794,1,0.24,0.116,0.00864,0.0736,0.66,96.1,238421,4
3ygMmqvFVsihwcfx7hWAXf,51,0.906,0.664,6,-5.514,1,0.0517,0.248,0.000268,0.029,0.964,130.072,256000,4
1jqLJBQwo7yBCqYQWukLkq,55,0.866,0.788,2,-8.188,1,0.278,0.25,1.97e-05,0.342,0.752,158.412,247173,4
2RLpFEf6d0708O7Bqhjyxg,50,0.786,0.853,9,-8.274,0,0.0688,0.0499,0.0872,0.35,0.309,126.99,432147,4
6B8uUGXbyeZdLZDeslWOho,49,0.174,0.00291,0,-37.518,1,0.0399,0.995,0.931,0.0983,0.0328,67.56,580533,3
3XpgLBx3TGuDIFV5gUaR0w,54,0.246,0.301,8,-8.714,0,0.0281,0.876,1.19e-05,0.109,0.193,77.572,233307,3
4D9nUA02hk2cxLu2Ok2DLo,50,0.546,0.908,7,-2.495,1,0.0493,0.0292,0.000196,0.0749,0.849,154.384,165467,4
46t7etd7A3T5K1BDsw9Fjc,46,0.759,0.866,11,-3.084,0,0.26,0.18,0,0.939,0.565,155.945,285800,4
4PxGAOQE1rjybtitX9say3,46,0.158,0.928,8,-6.37,1,0.13,0.00376,0,0.161,0.253,169.942,209467,4
0EKUJ4OqrNWaHpNPODNTaf,47,0.397,0.469,4,-7.425,1,0.028,0.536,0,0.242,0.175,106.297,223133,4
4XjGz4IxIJ6tYk9tDIid8w,55,0.784,0.439,8,-7.872,1,0.0357,0.432,4.63e-06,0.313,0.491,129.981,317400,4
3JxCHQHvao3OO5x7gGiral,50,0.726,0.576,5,-8.334,1,0.0453,0.469,0.000218,0.0376,0.973,94.256,176973,4
7ppO8gj93EZACk3L8vGhgn,54,0.692,0.651,9,-5.604,0,0.0336,0.315,0,0.111,0.868,151.067,210678,4
3o9br9LskOEbwc5irxfHqR,52,0.0877,0.0763,9,-23.986,1,0.0429,0.645,0.897,0.353,0.0509,78.535,295219,4
64i1dyG9Td5z5Q0TCG17Pb,54,0.42,0.438,5,-8.402,1,0.051,0.256,0.000117,0.0963,0.149,87.986,295000,4
2wsm9wpiX9W7gpa5crYs9l,57,0.632,0.583,7,-4.499,1,0.0263,0.0736,0,0.296,0.698,149.861,209253,4
018zT8xThRbMH2QeUoMlKQ,57,0.614,0.636,7,-5.634,1,0.0287,0.38,0.00459,0.1,0.308,117.966,259800,4
1XunTmhOcj3xwh4b8P3isX,55,0.643,0.491,4,-9.312,1,0.0344,0.642,0.00972,0.286,0.753,126.399,194600,4
1mWMGKUaL7EyYIIveqlKC0,49,0.278,0.936,7,-5.986,1,0.107,0.000401,0,0.335,0.34,119.088,132547,4
0RnDu3eYJqbFKz6MHv2ajd,45,0.841,0.701,6,-6.365,0,0.192,0.00215,0.00268,0.627,0.802,111.857,262027,4
2tBxJ43XiwEzhf7Xalc5UG,61,0.491,0.561,2,-6.396,1,0.0279,0.274,2.16e-06,0.23,0.543,134.881,127600,4
3WzS1MVC8QYTqfAmcPVyVZ,45,0.537,0.887,11,-6.697,0,0.0575,0.000306,0.0508,0.0621,0.281,93.924,249667,4
4y9Yn8z2cUVvmSPFMEVirk,62,0.853,0.776,8,-5.63,0,0.0567,0.212,2.41e-05,0.354,0.977,92.003,167027,4
75pMEcHJjLRv0O8MHxQvdg,50,0.376,0.947,4,-3.778,0,0.0902,0.00757,0,0.107,0.859,150.212,212333,4
3rrtbnOBDzKQfyYKTezEFe,46,0.481,0.49,6,-10.098,1,0.0271,0.0536,0.123,0.0915,0.0378,152.04,287000,4
1AGMpKtewRCfXJ0yUZp4qn,45,0.89,0.631,1,-5.722,1,0.149,0.199,0.000479,0.0786,0.627,92.01,302907,4
5GK4ax71sSIokiNEZsND3d,53,0.506,0.195,7,-12.288,1,0.0358,0.559,2.54e-05,0.565,0.0523,114.184,234600,4
3hoUASQwAAUwpQGXH8VioM,46,0.364,0.781,10,-4.4,0,0.0975,0.114,0.000245,0.732,0.338,169.036,375867,3
1ljTFrbwY1ojpfd6bAmPTZ,48,0.354,0.773,4,-5.37,1,0.0469,7.82e-05,5.63e-05,0.127,0.721,131.569,172267,4
0i7Lec22TEo0Nkf0I7bvI5,47,0.798,0.462,6,-7.622,0,0.153,0.0322,0,0.0682,0.815,150.005,256933,4
0xm1xsvrnjmc5D7vmXuOZb,49,0.546,0.858,0,-2.997,1,0.0278,0.000804,0.0942,0.188,0.528,91.587,201120,4
4AplGNlqrFDyxkCM27gSCl,51,0.863,0.68,8,-8.419,1,0.107,0.074,2.79e-05,0.0847,0.966,113.138,185640,4
5uqr3lCMWkyQx6yTvoMl4F,51,0.528,0.976,1,-5.157,1,0.0919,4.59e-05,0.0828,0.0944,0.243,133.01,304493,1
4Jr6bqJapv428kf9X8NDjh,45,0.551,0.691,4,-8.31,0,0.14,0.00854,0.00318,0.315,0.548,173.422,224627,4
7KolrFGhfDi1JTSgQBT5sI,57,0.277,0.797,0,-5.66,1,0.0385,0.586,0.341,0.221,0.26,177.004,238333,3
3DCtZsugr1hf5YNvykBn7j,53,0.705,0.742,0,-5.755,1,0.243,0.129,0,0.0342,0.948,171.978,227000,4
2gxSaoTORdXmNLUpsNFbQk,59,0.646,0.478,6,-7.516,1,0.0561,0.244,7.33e-05,0.127,0.341,92.133,193453,4
599y8O5L7DicaGwm1KUdrX,46,0.472,0.588,0,-8.374,1,0.0254,0.13,0,0.151,0.314,75.999,255973,4
7Dprt8s1FohodJYtCNcM4a,53,0.676,0.239,4,-13.444,1,0.03,0.91,0.000303,0.0959,0.333,85.015,177000,4
26pgDPmuZy1dmC14jxAdA0,48,0.717,0.719,5,-11.371,1,0.226,0.579,1.31e-05,0.217,0.975,81.305,36373,4
7p8vwbbf9sMQbrdQrsmTlI,57,0.562,0.385,2,-7.279,1,0.0258,0.733,0.00438,0.11,0.2,99.142,279867,4
2QcUxndr7skMMHLElnl4Bo,62,0.734,0.662,4,-4.222,1,0.0336,0.317,0,0.163,0.882,141.965,298827,4
7Dsx1ZQ3H3GnrkYwCQvPay,45,0.764,0.788,4,-6.776,1,0.233,0.0794,0,0.0757,0.632,86.776,271267,4
1ybtJbR4ARqmjl6dD2VtYU,53,0.151,0.103,9,-22.221,1,0.0412,0.918,0.852,0.0756,0.036,97.5,235667,1
1bGas968flWbyqIdVqlHt4,49,0.505,0.493,6,-9.321,0,0.0333,0.0357,0.00383,0.343,0.138,124.261,274813,4
7gZX4vZqjJJWsdosIB0h6P,52,0.435,0.888,0,-2.888,1,0.0347,1.74e-05,0.391,0.0989,0.234,115.619,197307,4
7MKcM6TfaGKQVFfhstCbOw,55,0.666,0.259,0,-10.721,1,0.04,0.585,0,0.079,0.698,116.082,227840,4
3cGmUgp7hF5Eb8NyuEmtCA,51,0.579,0.597,1,-6.541,0,0.111,0.381,2.7e-05,0.326,0.703,119.922,364360,4
3ITVXdr8HopCwbl0zSolCB,51,0.784,0.762,3,-5.42,0,0.304,0.118,0,0.28,0.784,96.026,261333,4
7Cp69rNBwU0gaFT8zxExlE,49,0.715,0.951,6,-6.488,1,0.132,0.152,0,0.302,0.671,126.643,284867,4
1Rn8r2fbWCJhUbCGHimH0t,51,0.818,0.555,7,-11.299,1,0.271,0.101,0.00144,0.146,0.556,138.474,181560,4
0ZhSQIDIv0CWVc0Vt1aiBm,46,0.536,0.826,9,-4.348,1,0.0379,0.0419,1.17e-06,0.114,0.819,165.324,288507,4
1TTOAw90zzNWKnUgzzcvZW,48,0.54,0.959,8,-3.775,1,0.0452,0.000817,0,0.376,0.499,131.83,192213,4
15UqRQqmOTK7DzzA235r3e,55,0.675,0.266,5,-11.966,0,0.0261,0.784,0.000659,0.132,0.434,98.802,253333,4
3c8n08bk0XGdL3HKro1kpD,46,0.252,0.864,11,-5.163,1,0.0763,0.000224,2.18e-05,0.166,0.36,76.91,215423,4
0U5KyiC7CJjTGlB7RhPI3x,46,0.542,0.471,5,-10.931,0,0.059,0.829,2.4e-05,0.176,0.503,81.054,186840,3
2HVCLZ6dMDelXhloO5sAjV,53,0.29,0.774,7,-3.03,1,0.036,0.000118,0.00291,0.186,0.211,86.712,201907,4
6SCgT1QDWcsnMusKYua9eE,51,0.454,0.265,2,-12.079,1,0.0501,0.973,0.000952,0.132,0.255,94.298,178627,4
1v3rQg6uPY6AnOY5TtxN7I,64,0.642,0.949,9,-5.562,0,0.242,0.296,1.48e-05,0.156,0.45,188.072,213720,4
1yUJiZMgB0dDBET4al9Bmn,54,0.512,0.456,6,-8.395,0,0.109,0.679,0,0.0716,0.477,178.491,263533,4
2G5bas1NMxlSYOPAJxBKfo,45,0.56,0.827,2,-5.393,1,0.0266,0.00986,1.13e-05,0.328,0.639,89.93,254600,4
14fcbToPrshMsN1IY8CKvE,46,0.337,0.976,2,-3.654,1,0.141,0.000491,0,0.0984,0.494,82.22,287867,4
7qZWCIgHBgjyuUBOnGnD9k,46,0.383,0.749,1,-3.931,0,0.084,0.199,0,0.204,0.466,122.141,297627,4
7aGklaoRXNcuufJQGsly0X,56,0.52,0.459,11,-7.017,1,0.0295,0.843,0,0.0851,0.187,170.154,231467,4
0qnoS5hMZMphvKWi0D2LQh,46,0.554,0.474,4,-7.843,1,0.025,0.155,1.67e-05,0.0859,0.41,139.832,242927,4
4191ROqtYiS10furYDAv05,47,0.435,0.95,4,-4.199,1,0.0908,0.000113,0.000748,0.157,0.509,124.315,191160,4
4sSutqK9JRIqWDRBQ9zP9o,47,0.513,0.842,9,-6.02,1,0.0425,0.000156,0.0645,0.0501,0.579,93.9,217627,4
3LYmUfoFdycnJTrV20GeEm,44,0.271,0.599,0,-4.63,1,0.0326,0.455,3.08e-06,0.11,0.705,136.169,151560,3
04ORlfFcrFRONujIEGjfVt,49,0.744,0.63,2,-7.727,1,0.0344,0.195,0,0.0655,0.946,108.466,196840,4
5mFyCVEII6mp5YPPYQfTck,52,0.391,0.896,1,-4.902,1,0.0683,0.000443,0,0.0774,0.791,178.056,222467,4
5ISCPV5GnIYbtvVrPohEm6,46,0.755,0.761,7,-8.409,1,0.0598,0.108,0.000356,0.292,0.827,110.605,266693,4
68aNm1vMglmMicHwdf2krv,49,0.541,0.889,11,-4.103,1,0.0579,0.00106,0,0.294,0.652,82.51,206000,4
0ehcL7EsiSy1mpgOk3EFg8,49,0.311,0.733,4,-18.015,0,0.0436,0.888,0.95,0.386,0.454,115.663,62663,3
4QLPUyOsRUTnoW8h7HFbZX,56,0.664,0.852,6,-3.007,0,0.0491,0.0992,0,0.0772,0.922,95.019,196893,4
4xmeLj3uVcoAwgDtwM4MbG,47,0.661,0.66,7,-9.061,1,0.0373,0.0257,0.00977,0.256,0.814,120.617,188840,4
2aR044FPbZk0iJRzJW31su,46,0.52,0.929,1,-5.115,1,0.0579,2.16e-05,0.00143,0.264,0.606,108.292,200547,4
0I7y3aEavUHgkt4aCreBDa,52,0.426,0.881,4,-3.458,0,0.0403,0.0011,0.00279,0.124,0.384,140.004,286533,4
6BEE3SzKTrULdE7H3OUN8r,47,0.383,0.913,2,-4.041,0,0.0473,0.00105,7.15e-06,0.312,0.625,131.427,221760,4
6ebxt3Iylxe0GcEuUGlIvb,65,0.441,0.684,9,-7.495,0,0.031,0.374,0.000848,0.108,0.971,199.001,141000,4
1i1ASYqFn21tmtJbdD8CLL,47,0.602,0.325,2,-11.41,1,0.0445,0.993,0.00281,0.165,0.522,106.528,51947,4
4y4ilhWm4BcoWs7o5VsI3R,49,0.827,0.452,10,-8.354,0,0.0355,0.0437,0.000184,0.0913,0.922,83.817,183293,4
4fP4xTSBli3tKck172LEZ4,54,0.453,0.571,11,-6.117,1,0.0314,0.00976,0.518,0.0846,0.189,132.787,327800,4
01DCNRAshp4w1JvX8LhsgV,49,0.748,0.457,10,-6.223,1,0.0646,0.788,2.81e-06,0.0508,0.957,120.403,158755,4
5N2ybHaC9tqFvYxGj70haX,45,0.639,0.457,4,-7.749,1,0.029,0.0805,0.000147,0.114,0.199,77.976,202040,4
21z6OpNQIS9qD7xyty7OeR,50,0.746,0.635,6,-5.767,1,0.149,0.241,0,0.0926,0.701,92.993,246493,4
21iEEekDSvQjVARSQ4dpXY,47,0.64,0.59,7,-7.442,1,0.32,0.252,0,0.665,0.519,83.133,318213,4
5YCEVdLLSFPnhfma05qx7o,50,0.53,0.968,11,-3.582,0,0.0744,0.0229,0,0.419,0.396,139.253,180067,4
0CCCRAKJHgvhMK3RzsisiI,45,0.369,0.906,11,-5.194,0,0.0631,0.167,0.509,0.51,0.498,104.173,186270,5
5Xmd6a5oogdxEhfZ5hP8Sz,46,0.766,0.948,11,-2.185,0,0.17,0.126,0,0.745,0.697,95.948,245373,4
4I4uCtlWg6I7OyuGZE4wqn,47,0.481,0.93,4,-4.655,0,0.0572,0.0134,0,0.182,0.383,109.131,175133,4
6A4wVKbcg0mRriCFjZzX0Z,54,0.68,0.454,1,-6.123,0,0.0302,0.833,1.32e-06,0.102,0.24,109.949,269000,4
6Q4bnXfg3vySX1t85bd8xJ,57,0.801,0.45,9,-8.852,0,0.0414,0.631,0,0.573,0.818,132.446,184640,4
14MgTooapmJdLlEMAr2zAM,57,0.736,0.518,2,-9.333,0,0.182,0.185,1.51e-05,0.147,0.579,168.121,289667,4
5D1P4P7IxymGprWdbaq8N4,59,0.576,0.745,9,-4.75,0,0.0713,0.662,0.000135,0.0818,0.906,162.071,287138,4
4U2b99X9hSSDjPbHCpIeJj,50,0.54,0.389,4,-7.212,1,0.0345,0.757,1.22e-05,0.0836,0.954,121.288,150600,4
3FIVe9hvchhWeZEVqYwrj7,48,0.766,0.819,7,-5.96,1,0.131,0.242,0,0.077,0.932,109.078,157840,4
1IqKlSMBlwWF0kxY2fBstA,46,0.333,0.851,7,-5.293,1,0.0948,0.0101,0,0.277,0.44,108.25,303093,4
35FN09m6f6QFTH8AETRWJ5,61,0.621,0.879,5,-5.081,0,0.0378,0.299,3.29e-06,0.158,0.965,95.991,215093,4
0rpSIjKSmZ2SFO6vmLJpXl,50,0.165,0.0742,2,-20.345,1,0.0416,0.966,0.919,0.115,0.038,129.981,308200,3
2t34JLaa7IMm07Ut0Z1Vi7,44,0.516,0.584,7,-6.452,1,0.0264,0.319,0.000167,0.184,0.437,81.485,304493,4
6cX1zmXxkfhSvHW82U5CW6,53,0.446,0.728,7,-5.663,1,0.0463,0.0492,0,0.0316,0.562,79.648,251693,4
3fV8jbhyPEBcltw5d79W1s,47,0.777,0.556,4,-8.664,0,0.0278,0.273,0.154,0.1,0.788,87.009,289240,4
2DoXFrKYIup384UYpd5LBn,48,0.286,0.118,11,-25.684,1,0.0579,0.99,0.963,0.102,0.476,144.541,70200,4
3tC8SJpOwJhDg8WGG1NKGR,52,0.719,0.863,5,-4.148,0,0.435,0.414,5.19e-06,0.147,0.765,87.579,239933,1
0StFIUoongxcaeOG9LuGSl,47,0.635,0.725,4,-5.451,0,0.0456,0.816,6.13e-06,0.0884,0.58,98.955,278867,4
0drIOvDnBMUHKDXWPLecqk,45,0.506,0.766,7,-8.242,1,0.0304,0.0434,0.161,0.27,0.611,112.64,217360,4
550YyHm9PWX2BlcVk2IayG,49,0.517,0.429,2,-9.236,1,0.107,0.448,0,0.109,0.436,172.004,199733,4
16ZatpXeth34Nygl9wzNKc,48,0.551,0.938,7,-2.136,1,0.21,0.0131,0,0.355,0.595,175.078,223643,4
1skwrorvmVfVZgR7i3UGOm,46,0.188,0.705,7,-6.503,1,0.0378,0.0246,1.93e-06,0.284,0.251,152.539,317267,4
3HLF4QPmlIO9AIj4XcCpic,51,0.556,0.344,0,-8.574,1,0.0306,0.48,0,0.31,0.593,74.739,190264,3
5taBpQ59lvb2NLGDdbDQbB,45,0.375,0.912,11,-4.159,0,0.0736,0.0169,0.88,0.31,0.325,141.435,170156,3
1GuvP2zN3hTMTaf991GVc0,53,0.724,0.564,4,-6.881,1,0.0308,0.503,2.49e-05,0.203,0.529,125.988,268560,4
66QhdvUCKKgvNJVBjIHKGv,48,0.772,0.366,5,-10.236,1,0.0841,0.287,0,0.117,0.471,96.993,294400,4
21AnCQUMUBi2YzgHR4wU1M,53,0.588,0.966,7,-6.864,1,0.0531,0.0984,0.0106,0.973,0.678,120.672,129640,4
67VjdDhTa5jzQxHGe6f26r,58,0.591,0.522,8,-6.281,0,0.0311,0.552,0,0.0891,0.149,114.015,287733,4
0ognkBvJqaov2gWDgaMzvz,51,0.533,0.891,8,-2.599,1,0.0399,0.000409,6.72e-05,0.101,0.682,144.446,150360,4
3nowzwPyhLkKxSUtO1YIRa,56,0.771,0.764,1,-6.431,1,0.0344,0.402,0.000198,0.24,0.937,93.251,287587,4
72Oh7sKJUEINkQnoPO4kHS,46,0.744,0.406,8,-6.378,0,0.0722,0.113,0,0.0316,0.725,89.942,234707,4
3d05ZdQpFOePHDM7jqp2nc,49,0.861,0.661,7,-5.545,1,0.0496,0.295,0,0.0688,0.974,110.063,184867,4
5P9LkYrT5FdkhsDJ7fSKNa,44,0.556,0.657,7,-5.319,1,0.0422,0.403,0.00947,0.585,0.655,171.514,227107,4
3A5E8GUX5bdPGxxJP1IrYx,51,0.516,0.897,0,-2.45,1,0.0582,0.000271,0.468,0.165,0.579,154.857,126307,4
3Cygu4ytxgsXL3JzPbQV8E,44,0.348,0.87,2,-6.603,1,0.0477,0.0999,0.00116,0.118,0.508,99.319,511733,4
3K2YKboOTnzSokPEAZKjbX,48,0.306,0.725,11,-5.199,0,0.0476,0.00162,1.04e-05,0.371,0.664,173.627,263200,4
1I3XuGIh2qluBSUknDyA62,50,0.318,0.879,9,-5.651,0,0.0375,3.54e-05,0.928,0.0904,0.3,102.921,268333,4
4mDkFfjm82m9goCcumFeL7,47,0.771,0.894,2,-5.263,1,0.2,0.0691,0,0.641,0.578,104.965,265867,4
2EpBjRXbfrLSQQNaLLEwvC,48,0.636,0.436,8,-6.708,1,0.0664,0.709,3.12e-06,0.0529,0.964,105.17,171386,5
741oLronOsunwlx4MSZ6YY,47,0.416,0.724,10,-4.87,1,0.0512,0.000336,0.0788,0.247,0.819,127.357,137400,4
3hccRLElirZOGOTHfCbg9p,48,0.195,0.566,6,-7.596,0,0.0421,0.546,0,0.321,0.12,169.684,163333,3
3DNXN5fPRdkYm64oCdV8L6,48,0.548,0.693,10,-9.421,0,0.038,0.314,0.0189,0.132,0.547,109.633,224640,4
2SrXt0JJEX9PfVSZuJ6dqg,51,0.881,0.779,7,-5.242,0,0.139,0.055,0,0.281,0.736,107.726,198373,4
1OrBPFs8yLkT02aLiloHQs,46,0.479,0.424,4,-10.919,1,0.0404,0.0742,0.914,0.184,0.0474,113.93,279067,3
2C1nOw1nRxJaBWb9I1x05A,52,0.587,0.523,9,-9.947,1,0.0288,0.11,0.765,0.107,0.0457,95.004,266200,4
1seRvngYgRfDeCbIkJOMQK,50,0.9,0.674,2,-7.004,1,0.0396,0.186,2.8e-06,0.0227,0.967,106.111,191173,4
1GGK81j5LaThJjnJHhfGDq,60,0.54,0.348,8,-10.641,1,0.0339,0.804,0.00199,0.11,0.456,135.73,300520,4
1pU1mucfoUalVw9apwnDhh,50,0.432,0.549,7,-4.076,1,0.0335,0.422,3.72e-05,0.139,0.393,105.966,196093,4
6eQUjx96Gob2WwetawPBMQ,46,0.754,0.663,10,-9.084,1,0.0358,0.746,4.38e-05,0.0788,0.866,157.594,286693,4
4YtuhhgpKwckVZNGzjpxBh,51,0.395,0.855,0,-3.001,1,0.0356,0.000124,0.0333,0.16,0.472,130.87,217600,4
3NTaEHQg5iVrRRNWlnK4RY,63,0.629,0.813,4,-5.583,1,0.0351,0.188,2.86e-06,0.0753,0.726,92.154,327600,4
5nnvTjA5yzhHlmVOVoGT49,52,0.529,0.374,7,-9.448,1,0.0349,0.78,1.81e-06,0.141,0.6,113.336,155800,4
4rr0gWiMrF4sOIefs3IEvZ,57,0.597,0.97,4,-5.972,0,0.0502,0.000385,0.205,0.133,0.717,114.999,211507,4
29ET4ONM7UGb5fIbLfHoDK,59,0.731,0.776,10,-7.599,0,0.0357,0.377,1.49e-06,0.178,0.975,100.112,193947,4
02UnamzTn2rySwzcMkq5qx,45,0.573,0.662,9,-4.461,1,0.0265,0.209,3.92e-05,0.323,0.256,140.046,234253,4
0bTar7V90X1FBXnCEzfPNr,44,0.596,0.532,0,-10.185,1,0.0675,0.665,3.19e-05,0.154,0.939,139.206,292733,4
2KMDfsg8GNxW5Y6CJ4KLBL,49,0.515,0.947,3,-3.985,1,0.136,0.00206,0,0.167,0.716,88.076,135333,4
4ZhvLAPvtgJkk6RBBqJCUq,54,0.575,0.668,0,-8.289,1,0.109,0.432,0,0.114,0.856,90.672,182667,4
7fLBwcH8ixVT0kD5KFqfu7,47,0.612,0.276,7,-11.932,1,0.0358,0.898,0.863,0.0867,0.205,98.606,356160,4
0zBXoD73b7ysX3nz9HbNAU,47,0.706,0.605,3,-4.879,1,0.0306,0.566,0.000177,0.0949,0.972,98.002,176360,3
7FQvFYg88JndjHvd5tBxwI,54,0.563,0.734,7,-6.207,0,0.038,0.0123,0,0.102,0.231,115.983,302533,4
03im5RVAscd1YqLtiQxTZa,49,0.492,0.443,4,-6.253,0,0.0268,0.326,1.05e-05,0.152,0.397,86.153,288800,4
2gU62OjtnFS3M2XVNEYC2Y,43,0.303,0.907,0,-4.447,1,0.0694,0.00645,2.3e-06,0.108,0.376,196.685,240560,4
7ID5MLSB71awNzjI7jyojG,46,0.779,0.798,4,-3.249,1,0.0279,0.114,0.000577,0.311,0.817,114.128,222000,4
1Hg2egRryMkCdXqXmXki3A,43,0.415,0.528,4,-7.564,1,0.0293,0.088,0.00595,0.0746,0.0479,105.217,340253,4
3oa7hDzs7XxbDUW86RkLEL,55,0.692,0.525,6,-7.766,1,0.0458,0.481,3.09e-06,0.19,0.674,78.278,192373,4
0Oc66EMBHjUaKD7yuSePmb,45,0.371,0.405,9,-8.005,1,0.0263,0.241,0,0.117,0.273,75.811,279693,4
2DEQZTIRhAOeENsgqbmNWS,57,0.649,0.942,6,-2.947,0,0.0303,0.0133,8.38e-05,0.124,0.796,122.272,295573,4
4xVTo97ZBwlT8ai9Wj8zw4,47,0.74,0.434,1,-5.714,1,0.0443,0.778,0,0.128,0.333,111.912,255467,4
24Z9YNvIlWNjYraAqyUgSh,49,0.387,0.992,7,-2.913,1,0.181,0.000594,0,0.0883,0.477,169.31,106587,4
00NNd1BFzQQzZe4UcvZIzB,47,0.623,0.82,9,-6.842,0,0.0499,0.00544,0.000208,0.14,0.637,128.35,160520,4
7H7uouUOWcBHnBJkAf77Tm,48,0.689,0.969,0,-5.51,1,0.181,0.113,7.8e-06,0.757,0.274,122.057,307733,4
4cOtcRXI3a2v1gEsI1Meeo,53,0.521,0.124,2,-13.027,1,0.0432,0.866,0.00112,0.0801,0.377,170.933,218600,3
0I5Fgl7pT26M1qSIixlzR2,46,0.361,0.843,3,-5.82,1,0.103,0.00115,0.00164,0.107,0.42,140.622,336973,4
5ewsTJzfU5eiBLcGlaSrpG,47,0.561,0.304,5,-9.369,1,0.0278,0.532,0.00664,0.665,0.0391,139.965,407987,4
4x0fsFljh9cbNLQTZxCov1,60,0.714,0.779,1,-4.367,1,0.0413,0.287,0,0.36,0.911,146.878,266188,4
2bVFvGBU2ihWJgMRPcav5r,44,0.501,0.813,2,-5.01,1,0.0342,0.238,0,0.39,0.595,96.986,168867,4
3x7Y3tjRKwV0EHEDPkUBfB,55,0.549,0.401,2,-11.673,1,0.0269,0.439,0.000341,0.154,0.513,81.661,211347,4
7zuwr7YqqpveNtxlKe1vn6,61,0.609,0.607,1,-7.947,0,0.0297,0.0183,1.53e-05,0.205,0.525,139.927,283893,4
2MERKuoczzjTDqEbgsB48J,49,0.841,0.802,6,-6.236,0,0.239,0.112,8.88e-06,0.528,0.699,112.669,242600,4
0GmCOjbUEDklgJy4NWGjUn,47,0.765,0.577,2,-6.571,1,0.0564,0.396,0.000409,0.119,0.963,114.009,121733,4
0Vx8j4stjp6Mycjqyc7eRO,47,0.714,0.535,5,-8.205,1,0.0542,0.495,6.66e-05,0.381,0.962,119.102,169907,4
2hX2v0U5lKSlxVxnesLEak,50,0.265,0.957,11,-3.415,1,0.0995,2.23e-05,0.0291,0.105,0.396,151.61,193533,4
4yaoi2yin0n9WHaGFPcszQ,55,0.356,0.214,0,-14.146,1,0.0479,0.788,0.427,0.132,0.137,100.416,207000,3
5FEBritagmW6iAy5wL5uXg,44,0.594,0.635,4,-4.259,0,0.47,0.249,0,0.454,0.552,75.035,283733,4
5kRgOJD7wN77OHjiGhkpjL,51,0.438,0.181,2,-11.801,0,0.0319,0.482,0.00044,0.198,0.419,108.489,152347,4
0iZbC7hLkOdBhewWb4nqff,47,0.364,0.843,7,-5.796,0,0.107,0.00126,0.00179,0.0989,0.396,138.128,336707,1
75OrTolKEnimJj625JUIft,53,0.219,0.578,7,-12.249,1,0.0615,0.0293,0.927,0.108,0.174,135.061,381200,4
7qwqtk58ZpQjlGM8WFIrt7,46,0.193,0.948,5,-5.623,0,0.138,0.00749,0.00515,0.306,0.158,81.636,295813,4
6hlmfSjhKSWuZDujvW7p74,60,0.792,0.632,8,-6.002,1,0.0391,0.434,0,0.317,0.916,135.47,317893,4
4jnnbYNySANk7DAiVUtAP9,46,0.73,0.536,2,-8.815,0,0.159,0.208,8.13e-05,0.232,0.589,168.143,289067,4
0YYpiRYHqxXxs3CBPvUrNR,48,0.567,0.857,10,-5.232,0,0.0736,0.00213,0.000526,0.184,0.285,121.002,331027,4
4AtUqjDgRO2S3jBzAjRvh7,45,0.383,0.643,2,-7.659,1,0.0393,0.762,0.0095,0.386,0.78,62.266,156960,4
1XSxnI4RaRAUIpPUP8WPwX,48,0.67,0.495,7,-6.97,1,0.0769,0.808,0,0.0421,0.968,103.658,169668,3
0zlGhWct8YTTMV4N9s8Rwl,46,0.695,0.218,5,-19.134,1,0.0471,0.832,0.00463,0.368,0.8,115.265,83467,4
33QaXoZW3OqkD8wQA8kgda,58,0.606,0.691,9,-4.961,1,0.041,0.224,0.000167,0.27,0.545,91.919,226253,4
57vy6nyP7Fyd8ZTvskxlNh,52,0.881,0.416,6,-8.428,0,0.0803,0.25,2.14e-06,0.105,0.832,82.497,245413,4
2LGrLtvYEHrd3Nnot4Hxuw,61,0.78,0.925,4,-6.715,0,0.046,0.0598,0.36,0.129,0.564,127.968,515173,4
6QWniaitONimLqysaA6cwe,52,0.221,0.305,10,-15.491,1,0.029,0.846,9.14e-05,0.348,0.109,96.592,141133,3
4mhGypdjd234FSSAWTzo6T,45,0.359,0.647,5,-6.352,1,0.0293,0.112,0.00066,0.166,0.471,179.764,311707,4
4YHAwA4gwOwwUf5BZa0F0U,53,0.76,0.394,5,-10.276,1,0.0691,0.416,0,0.0458,0.959,129.866,95227,4
7KfMpfPllyVl4VElPu9Ru3,43,0.745,0.708,1,-3.516,1,0.389,0.256,0,0.0827,0.323,147.93,306160,4
0ss3ny5ZmAYMpTWJDLgnV8,47,0.438,0.984,8,-5.012,1,0.143,2.97e-05,0.0758,0.0572,0.32,129.921,243933,4
0U6lmEhmRVptZAX7HrauqG,53,0.235,0.562,9,-10.732,0,0.0483,0.602,0.943,0.161,0.15,123.697,209907,3
7nOhijGWNbwBpzmQ6XqLRG,48,0.514,0.403,5,-9.377,0,0.0429,0.481,0,0.11,0.464,132.683,200293,4
2V473qE28Ky0ixp2qc7dgz,52,0.331,0.138,1,-16.629,1,0.0345,0.914,0.00665,0.101,0.164,85.465,165137,3
2hnTGEeWAh9UHIjpMsPiFf,44,0.694,0.895,9,-3.258,0,0.335,0.269,4.17e-06,0.4,0.779,167.974,298600,4
2ZkMAgbPbyjvLGesNMsAi7,52,0.658,0.158,0,-13.699,1,0.0284,0.903,2.42e-05,0.298,0.322,90.329,186093,4
0BeN6CA7RuwNdJa64NV1l0,48,0.288,0.00341,1,-36.278,1,0.047,0.994,0.914,0.0655,0.054,74.662,317533,4
7mfvOqsvzZaUl7sfbcNk4E,62,0.605,0.532,1,-10.872,0,0.0337,0.0919,0.000576,0.0762,0.139,102.804,235227,4
2pGH58HmgqdOcZTTO9Po7t,53,0.262,0.296,3,-13.793,1,0.0316,0.517,0.0168,0.102,0.0806,85.714,271960,4
0mvtBgpiAg6fPg7ec7lxE9,44,0.508,0.318,8,-9.911,1,0.0365,0.759,0,0.184,0.141,122.04,288640,4
5q3U3cXNtPvbBZAL2bKmbO,47,0.925,0.443,9,-8.058,1,0.273,0.887,2.88e-06,0.0747,0.938,127.834,109120,4
6STHWwMa2vbr1nKArQH7hd,53,0.652,0.671,9,-5.553,0,0.0372,0.0374,0,0.0856,0.635,123.004,251493,4
3Yo9kEVE2UVSVFtxNXK2u2,48,0.531,0.95,5,-3.926,1,0.0486,0.00362,0,0.378,0.525,96.925,179067,4
3XluhR9U6ToARwWAl9W1QU,57,0.552,0.709,2,-5.448,1,0.027,0.206,5.32e-06,0.158,0.291,124.089,238267,4
1oFe7QvpwY3xZVyABI2TXP,47,0.503,0.792,6,-3.937,1,0.0422,0.00539,0,0.0762,0.438,92.068,208267,4
2dnncNWW2qbUiFRcc9an9p,49,0.625,0.766,11,-4.776,1,0.0307,0.00066,0,0.254,0.825,113.312,212200,4
4vFX0oXbHfwfbtZ6lN27zK,51,0.647,0.984,5,-6.435,0,0.0586,0.0441,0.12,0.247,0.644,172.655,163074,4
3uCizHbUJRaYLPBbEUhh0l,44,0.697,0.877,8,-0.309,1,0.314,0.613,1.47e-05,0.518,0.81,182.126,230200,4
2J3CYFUn6eAuHz5S9IKape,52,0.469,0.451,10,-13.949,0,0.404,0.193,1.62e-06,0.393,0.565,89.185,75920,4
2W6PNGCN4PGwPMf1jYazL4,61,0.604,0.778,0,-5.686,1,0.0259,0.00726,1.33e-05,0.114,0.419,100.155,256453,4
709CndJJB3GTUhQD0LLFse,62,0.7,0.967,8,-3.462,0,0.0463,0.073,0,0.333,0.962,136.045,217427,4
6SmWHBXVdL14zir3Vzk0jH,57,0.683,0.865,9,-7.084,1,0.0446,0.000766,0.13,0.0986,0.152,129.978,261680,4
0uSwAqfR6cBDj5BRP6L3Vx,46,0.466,0.736,0,-7.423,1,0.358,0.194,0,0.682,0.499,78.99,160440,4
2vknxlulbj1JApedTlmrZv,55,0.794,0.756,5,-7.672,0,0.0606,0.0576,0,0.102,0.919,136.011,219320,4
0JOw67rq2X6NDz5AJP9uIG,52,0.343,0.884,5,-4.123,0,0.129,0.62,0.000673,0.497,0.94,177.751,133293,4
4NK2rjxpiH8rB9DqUaAqHC,49,0.491,0.701,11,-5.913,1,0.18,0.0144,8.93e-06,0.763,0.87,159.114,80200,3
42z5BOO8cJda4qWBnHFLQV,52,0.611,0.732,9,-4.137,0,0.0347,0.002,0,0.12,0.475,113.451,257693,4
4UD5xrQI4nKftCje1y5Te9,56,0.67,0.397,8,-10.87,1,0.0417,0.71,0,0.11,0.214,123.969,206117,4
6fJArY7a5ZYgMABh4NLoVq,48,0.511,0.935,7,-4.91,1,0.048,5.31e-05,1.06e-05,0.0901,0.409,158.229,140640,4
11edIhzFAjPEVbZ92LQKwT,45,0.403,0.916,9,-4.409,1,0.0638,0.000187,0.0965,0.382,0.631,161.887,226840,4
7J9tkRgN26YmIHXl4fnVlp,47,0.605,0.998,1,-3.818,0,0.0843,0.000156,0.784,0.217,0.0618,106.815,261680,4
4t3DzCUERhLUTaU6eF86Mr,43,0.72,0.709,2,-7.122,1,0.128,0.102,8.72e-06,0.108,0.716,96.154,130667,4
10L9QSNEWilHgaEzfi6NgB,47,0.514,0.917,9,-4.068,1,0.0342,0.0533,0.000328,0.0373,0.728,145.453,260133,4
5Hjuu63Z7WiQ6hUYx9nTXl,54,0.394,0.623,0,-6.801,1,0.0382,0.584,0,0.228,0.589,97.039,172640,4
0ZeWFVSJPXhPErVGyom6Gm,52,0.738,0.587,2,-8.118,1,0.0331,0.35,0,0.179,0.797,91.404,165880,4
2RsXDjlhJd8sylorcY4r0o,45,0.93,0.571,11,-2.874,0,0.355,0.0176,0,0.0456,0.871,95.027,300234,4
2XXGM19E3Zp32Tkr0S4vEA,43,0.588,0.883,9,-7.597,1,0.0442,0.00119,0.0162,0.745,0.889,99.352,255933,4
1zCn7jmXyfLW4mqyl3Vqsb,44,0.483,0.459,11,-8.314,0,0.0326,0.167,0.655,0.0858,0.0523,91.789,192693,4
5b00r2xveYfVIOExZJJ395,65,0.593,0.837,4,-3.936,1,0.0459,0.118,0,0.481,0.571,134.027,256133,4
4HWTg4I0u0oQ6kK1s3Ihti,44,0.161,0.911,2,-5.175,1,0.0888,5.46e-05,0.000285,0.105,0.426,77.623,253333,4
70DimBY5ubpVGAWOGBnGuF,44,0.639,0.638,4,-6.023,1,0.0476,0.113,0,0.147,0.844,104.178,209933,4
1dVWz4VM5QkgzHLjFEKM4u,44,0.521,0.686,1,-5.532,0,0.046,0.121,0.474,0.577,0.381,116.119,364925,4
2wXZeaK0rXF3qrs7ernZ2L,45,0.518,0.746,9,-6.151,0,0.0405,0.165,0.000316,0.108,0.44,80.024,239800,4
0T7fLoDpZcSFYybJ3xXtgd,42,0.506,0.976,8,-5.066,0,0.155,0.00185,0.00204,0.338,0.267,95.16,225520,4
4Zd7V4DsYsa2TwBWus5sCM,52,0.546,0.0626,9,-15.877,1,0.0433,0.833,3.39e-06,0.088,0.39,79.763,162040,4
7whM5VFdH5ddvNYO7HIfvs,45,0.596,0.935,2,-2.412,1,0.0741,0.127,0,0.294,0.912,205.984,249760,4
0g9IOJwdElaCZEvcqGRP4b,52,0.522,0.921,1,-4.717,1,0.0473,0.000105,0.585,0.313,0.241,110.088,277507,4
4PAR0Zp6Mbu3p6NKYClgBr,48,0.167,0.759,5,-5.059,1,0.0333,0.0133,0.0629,0.11,0.284,148.646,259733,3
2L0tsEBOsMHrPAiUUFkoqV,47,0.566,0.88,5,-3.302,1,0.0533,0.359,0.00203,0.29,0.974,205.063,163040,4
1RbjmUfYA4rH0OXpS1JvYx,46,0.692,0.674,0,-10.685,1,0.0405,0.631,1.81e-05,0.0643,0.934,165.203,302733,4
7hJBjMGJHHQ4cR4Jhzp1d1,48,0.634,0.587,2,-6.595,1,0.03,0.271,0,0.165,0.623,105.642,182960,4
1lZeqR3QZExwywt1Fwh90J,55,0.392,0.899,0,-3.043,1,0.0433,0.00362,0,0.172,0.655,94.215,224627,4
7s8LqL8DbFaUh2bWFLhR2g,51,0.812,0.425,10,-8.677,1,0.0547,0.115,2.61e-05,0.149,0.878,143.835,208360,4
3e0qSxu1fNPzDlwqWN3cBD,51,0.201,0.321,5,-9.109,1,0.0273,0.92,0.0229,0.0898,0.262,82.18,234600,4
6l17lK6a9LFqhOfh770wWg,50,0.462,0.869,0,-2.726,1,0.0379,1.99e-05,0.0528,0.159,0.558,125.535,156600,4
03kZca43rgVgphYctcopJU,47,0.75,0.722,4,-7.032,1,0.0308,0.277,0.00213,0.0627,0.759,97.493,277333,4
4baw6m9OhZ1W8fPqWinZ3L,45,0.663,0.204,6,-9.921,0,0.0358,0.805,1.42e-05,0.0717,0.52,95.963,147200,4
5TsHqbDKaSs4ECZX0045YS,54,0.368,0.852,10,-6.978,0,0.0433,7.47e-05,0.258,0.218,0.347,171.692,284600,4
3k04M45DYWlXBBW2bo4T8b,47,0.562,0.63,7,-10.952,1,0.29,0.155,0.0133,0.095,0.786,157.971,195000,4
7nUNPOp8ubzlitLi1CwGp7,50,0.899,0.635,5,-5.738,1,0.0354,0.151,2.89e-05,0.148,0.801,115.029,240080,4
22yk17jzpiaWLvCQxA3U0A,50,0.521,0.902,9,-5.904,1,0.0563,0.00015,0,0.25,0.638,102.299,152773,4
7F3siFl1KHijy9icZP3Idd,45,0.378,0.943,9,-4.692,1,0.205,0.00585,0,0.357,0.244,174.849,200333,4
3LR1Ienv3nT4S8gbsie6bA,64,0.686,0.318,8,-11.683,0,0.0354,0.771,1.79e-05,0.26,0.181,121.959,262120,3
51bNXhI8t5rH47BJLhK5Ed,43,0.517,0.901,2,-5.681,1,0.0508,0.002,0,0.336,0.547,93.834,265733,4
4q8f3Ls32PcXE8Ks4V1ufx,51,0.398,0.00293,1,-29.481,1,0.0666,0.995,0.922,0.0897,0.0804,130.464,348333,4
4ZwU8VMYnkigKVJgSgTBtK,54,0.561,0.617,1,-5.279,0,0.0292,0.228,3.11e-06,0.0943,0.305,139.944,245267,4
7zEnKQaNBcuOSsUZdRnPZM,51,0.58,0.351,2,-11.587,1,0.0305,0.81,0.000476,0.0676,0.355,150.456,251828,4
42JgHvkBiAc5ivo0gvVRvQ,56,0.484,0.439,2,-5.995,1,0.0336,0.556,0,0.251,0.157,69.945,304013,4
19o4ndOJPZoIixFDMfi8C0,52,0.661,0.189,1,-10.23,1,0.0282,0.8,0.000112,0.094,0.378,132.243,185769,4
2v3Ehmw1UQ3LcAWlywJNJU,53,0.748,0.844,2,-7.97,1,0.107,0.421,4.28e-06,0.331,0.711,111.737,136600,4
0hkppOIXAfknRGYr34sLgy,52,0.447,0.555,10,-6.951,1,0.0262,0.0811,0,0.157,0.219,142.891,238440,3
7LNc35QrDpp3tn7bI2e4Qa,42,0.747,0.667,9,-6.75,1,0.0304,0.274,5.03e-05,0.109,0.405,122.597,257467,4
2nBY2iQvxOIXrdlJvg7ZPo,47,0.855,0.681,2,-4.955,1,0.0688,0.0881,3.7e-06,0.0592,0.908,99.699,223293,4
1eVAsvppzlVxt1BK3JbCLJ,55,0.637,0.376,5,-11.476,1,0.0298,0.331,0.023,0.117,0.752,98.103,165493,4
2GpENjtemCplZEcaUxc4by,48,0.608,0.961,5,-5.31,1,0.316,0.0353,0.000122,0.169,0.807,84.067,97707,4
5oVIQ3vm2eRC566cEheDOV,53,0.468,0.915,0,-8.214,1,0.0356,0.00196,0.000546,0.1,0.956,91.128,237653,4
1m4ZjbibTvvmYIJyXAIuxv,50,0.106,0.181,2,-17.969,1,0.0342,0.964,0.853,0.407,0.0593,61.02,225667,4
1n4lspQpBo5smutI9K0a0s,51,0.859,0.789,1,-6.139,1,0.188,0.241,7.66e-05,0.0627,0.948,92.053,199307,4
1W9Xk8b7uJgbe76sOZhHYf,43,0.581,0.419,8,-11.319,1,0.0314,0.163,5.38e-06,0.11,0.303,136.423,240133,4
2ToTCM42XytROqwKptTeqN,47,0.93,0.635,1,-6.045,1,0.0369,0.159,8.85e-06,0.063,0.814,120.088,244133,4
6ST3Punch0Y5lvKpNzxa6Q,48,0.414,0.0748,6,-12.485,1,0.0313,0.983,1.08e-06,0.11,0.241,92.967,169907,4
440JHgcmlgu65MbKBg20ba,56,0.563,0.751,6,-4.325,1,0.317,0.0141,0,0.636,0.487,85.789,324307,4
7rnVqrry9xf1BbQiJXCJU6,53,0.562,0.63,1,-5.679,0,0.0317,0.314,0,0.146,0.281,107.932,222467,4
6ov8WwVdJz9HLRyTaNubqk,51,0.892,0.144,5,-20.142,0,0.118,0.168,0.108,0.0474,0.591,132.73,183533,4
63MKNIWCCxtqnehwFhmYqp,46,0.832,0.454,2,-4.252,1,0.0513,0.0402,0.000497,0.0723,0.69,131.784,321200,4
3aZQgYCIcO2OQHU7bPvt5R,57,0.739,0.672,8,-7.173,1,0.184,0.218,0,0.125,0.833,129.581,304973,4
48aeM2uXRzERwpVreuDfgx,47,0.424,0.967,11,-2.861,0,0.06,0.00589,0.000941,0.139,0.386,149.591,195707,4
12uL43MR8byTEjtg241Z7m,51,0.414,0.336,5,-16.054,0,0.0352,0.873,0.921,0.114,0.418,78.922,214027,4
4AZ5uxFyqkhArno8BTtt10,50,0.743,0.579,10,-5.271,1,0.0431,0.602,6.82e-05,0.0844,0.978,133.542,172627,4
58sdfzX722CMoU7m0s5dUi,45,0.441,0.699,2,-6.725,1,0.0371,0.0066,0,0.489,0.25,89.753,224000,4
6VOxRb9IAJQDDyHBlyEdPF,60,0.428,0.835,5,-7.7,0,0.0508,6.93e-06,0.0309,0.0727,0.305,131.892,248707,4
1Zlnb6Cs3yEaBvOKNoZOdv,47,0.948,0.693,7,-5.597,1,0.0365,0.197,0,0.168,0.891,133.124,269133,4
40dCbY0oJsG2ZdvaGVB34d,46,0.555,0.496,10,-6.136,1,0.028,0.333,0,0.0956,0.27,79.01,214307,4
7m62E9JAXqUwJeQz4WjLzv,50,0.776,0.504,8,-7.193,1,0.0385,0.727,0.000474,0.167,0.963,115.803,187947,4
6ix0BzodvL1XYM4tvWLIwn,61,0.674,0.762,5,-7.26,1,0.0317,0.0591,6.01e-06,0.283,0.799,92.544,200973,4
11NxziJYS3ZUZjO5n7pCAz,45,0.482,0.865,2,-5.233,1,0.0469,4.53e-05,0.314,0.254,0.355,84.031,217627,4
2mEbKc2mhLIZFLIscrUhKY,46,0.887,0.755,2,-9.65,1,0.0335,0.42,0.818,0.0753,0.971,116.635,210027,4
50xYqUTVCvoqRLuyWFuG3r,42,0.752,0.796,6,-7.536,1,0.0503,0.00498,0.000245,0.471,0.887,104.992,243613,4
6kfmDM4aiBhmQV3Zogiew0,51,0.47,0.411,10,-12.015,1,0.0256,0.567,0,0.107,0.167,95.99,166333,3
0K02tn1iPgxbHLh3BhJl2F,49,0.772,0.8,7,-4.23,0,0.08,0.179,0,0.0676,0.862,154.354,226133,4
4wM7V31TsZzzDBEH02Hltb,50,0.421,0.201,0,-12.399,1,0.0436,0.917,0.000436,0.116,0.188,129.689,186507,5
6kPM1rdDqqPdPMZSzXNwNV,43,0.419,0.814,0,-5.738,1,0.402,0.454,0.00177,0.527,0.345,132.638,244840,4
3UyL1yzD5B1nIaFJRs4W8r,48,0.424,0.937,1,-5.354,1,0.0769,0.000884,0,0.113,0.156,137.861,245600,4
3NHfaIO3ELy1nm9tpMwzp9,45,0.668,0.735,7,-7.747,1,0.0615,0.0138,0,0.879,0.441,95.109,269573,4
5MRQvbpvXejJJy0OWciP8G,52,0.865,0.746,7,-8.58,1,0.0486,0.0329,0.00396,0.141,0.961,132.846,459667,4
2OQfyddAKv4FyelDJjGNHH,50,0.662,0.934,4,-4.545,0,0.141,0.0767,0,0.332,0.61,92.08,259493,4
1H5A1GNZUv4eUf1t9RFdid,43,0.7,0.504,2,-9.494,1,0.0286,0.123,0.000603,0.0924,0.588,103.88,269307,4
2EhZdDMJBk529B7I57vJb8,43,0.769,0.685,1,-5.648,1,0.177,0.133,0,0.667,0.771,93.043,290387,4
0XxaJChXTfqNkIOqlYmNOw,43,0.411,0.837,1,-5.41,1,0.0429,0.000382,0,0.434,0.289,100.032,169760,4
7dhyG5sdLYlvR7uwDKa1fH,44,0.429,0.826,1,-3.793,0,0.0385,0.000282,0,0.115,0.47,84.998,216867,4
6JYPFIVXYL3MkKfEfRSovu,43,0.694,0.465,4,-6.911,0,0.0409,0.137,0.00218,0.0735,0.267,129.436,391210,4
2jTXrav9Voj0FpdT2yUIuH,50,0.156,0.0282,3,-24.382,1,0.038,0.995,0.924,0.115,0.0953,76.728,251200,3
3ACootvH04F2BAESYT3R13,47,0.307,0.955,7,-4.328,1,0.0557,0.00364,4.07e-06,0.361,0.707,179.867,168347,4
1DpVTrPL1QsbSDqdBHw0Pg,42,0.786,0.435,4,-10.882,0,0.299,0.085,0,0.0822,0.644,164.088,304427,4
0eqBksNtQKA2InVkEfRB6L,55,0.662,0.889,0,-4.675,0,0.0319,0.27,0,0.0843,0.828,163.98,252093,4
48KXO9gBcRTrzWVQx1ET3r,47,0.302,0.974,2,-4.948,1,0.0653,0.231,0.00478,0.312,0.615,197.14,169520,4
4Ix8BBZ5b2V61R2kABW4Hy,52,0.633,0.695,8,-5.793,1,0.411,0.21,0,0.105,0.969,93.302,175000,4
2pOkvQHdkBmIicUQNKMH8A,54,0.596,0.553,8,-6.967,1,0.0311,0.81,0.000482,0.15,0.318,87.944,235107,4
0Rwus5Q8b3ZTRDpY1Dwvrb,44,0.423,0.851,9,-5.003,1,0.0573,0.000587,0.00413,0.0343,0.646,168.936,183640,4
0klzutEUO6IX3QSmtRDFrq,49,0.843,0.553,11,-3.198,0,0.437,0.236,0,0.0523,0.63,93.383,258733,4
1uIRnK9Ob4l0yuMapU8QoL,53,0.56,0.67,2,-6.04,1,0.0293,0.459,3.91e-06,0.155,0.524,148.025,243080,4
7BR8gWAmH0NSEgLG5aVqww,46,0.731,0.838,7,-5.565,1,0.252,0.00938,0.00477,0.0684,0.371,87.824,206067,4
4GedwOz9QDga5UI6n1wUPW,47,0.489,0.365,1,-14.716,0,0.101,0.886,8.06e-06,0.73,0.649,80.018,369173,4
4LxX6vXLnrfamm2Suj6WNf,43,0.38,0.915,0,-5.485,1,0.141,0.00127,1.22e-06,0.116,0.337,169.083,230707,4
5pnjFG0695iwvR9qsnfTSk,44,0.552,0.633,7,-7.352,1,0.034,0.135,0,0.302,0.787,99.566,171280,4
1jxbEpJO05x0p81wVwYACl,48,0.376,0.192,10,-12.725,1,0.0321,0.947,0.862,0.0977,0.203,86.688,98800,4
5B2WmeLQzXIiMPB7yeiGpJ,42,0.63,0.534,9,-7.208,0,0.0502,0.439,0,0.0919,0.756,159.97,211418,4
6Cr0TTE9oGeY3KA1VpUmWB,42,0.512,0.647,0,-7.324,0,0.354,0.265,0,0.169,0.727,177.223,201493,4
1I1DRPWM8iIYEbsuGMbaR3,60,0.844,0.465,0,-8.444,1,0.0295,0.489,5.56e-06,0.095,0.556,97.964,251053,4
2pWLzxRYMR53uC95fRzJbe,42,0.556,0.803,2,-4.586,1,0.0262,0.287,0.00017,0.257,0.759,95.663,328627,4
2p7z7KQ1PCeuB4rVThxojE,54,0.217,0.119,5,-18.877,1,0.041,0.81,2.14e-05,0.12,0.138,73.03,63867,4
6NVzt2cA5Mgjd3pQjU1xwD,49,0.536,0.709,10,-6.225,1,0.0348,0.435,0,0.0814,0.899,89.229,178840,4
0LvH53IYMdkQ2VHanpCiBi,49,0.545,0.914,10,-9.506,0,0.136,0.0411,0,0.33,0.314,120.053,243800,4
4MjMA1k5nDCouD5J7yig46,51,0.729,0.337,10,-12.141,0,0.079,0.591,0,0.0684,0.327,93.823,95560,4
1v76gn29TvpZg2areWXbxP,42,0.583,0.33,6,-6.725,1,0.0278,0.804,0,0.105,0.416,94.666,213533,4
4qbLOU1T7xgTH87eUSkvJ1,54,0.661,0.917,4,-6.329,0,0.0375,0.565,0.00202,0.134,0.893,105.289,127093,4
1QUiA9aecDOOnf32A9ZrtW,51,0.114,0.198,3,-14.357,1,0.0313,0.818,0.917,0.108,0.0378,89.535,393427,4
3qwilMBYqprmwsD0BHOsFV,47,0.443,0.937,7,-5.594,1,0.06,0.05,0,0.079,0.824,199.302,170800,4
4psCG36I4hy1h3qgG6o03m,48,0.584,0.894,9,-1.605,0,0.429,0.176,0,0.169,0.786,94.383,217840,4
3C5b21hX1FePgFAGdzk3Uc,43,0.957,0.754,11,-11.545,0,0.143,0.000985,0,0.067,0.961,127.861,183627,4
4pawqkNZXTbqrYAd0I5Wtb,47,0.482,0.938,6,-4.727,1,0.0978,0.000254,0.177,0.0493,0.392,102.852,249893,4
4eJukTdGlIenMtS9ak1rQh,46,0.704,0.734,7,-9.864,1,0.1,0.346,0,0.368,0.919,116.708,159467,4
1NYElq76ajtGZWEOubEK8b,47,0.407,0.0991,5,-23.591,1,0.0423,0.99,0.894,0.0867,0.0313,125.016,471827,4
2SNdxh1JnPRwVjT0nK99E1,49,0.704,0.596,7,-8.348,1,0.0353,0.212,0.000167,0.325,0.834,92.858,176760,4
2vfo7RvInNxLISPDif4mC2,48,0.486,0.88,3,-4.192,1,0.074,0.000143,0,0.107,0.482,90.803,212427,4
0DtUUNXVc0768qe6ADtaas,44,0.622,0.253,6,-15.527,1,0.0378,0.578,3.17e-05,0.121,0.716,130.143,106760,4
6BFNd5Pgo8jX5BFX8GVGSY,44,0.629,0.923,5,-2.904,1,0.0342,0.0121,0,0.0794,0.648,105.203,272333,4
3lP9eoNsz04dMCfPIG0PpK,45,0.288,0.207,5,-11.731,1,0.0306,0.657,0,0.363,0.32,172.632,135347,3
3yRr98HMLwGmMlIBym9JRf,43,0.615,0.669,4,-7.445,1,0.0329,0.374,0.00229,0.204,0.493,156.12,153200,4
2pIk8EErerGs25iitIvZ03,47,0.278,0.973,4,-4.917,0,0.0591,2.71e-05,0.657,0.0887,0.267,146.229,215560,4
4Bjrr9qzrvViIG69Z1PTJO,42,0.811,0.527,5,-9.24,0,0.327,0.0634,0,0.401,0.64,170.898,338840,4
6YUTHNchsxKwWs37fFaV95,49,0.708,0.604,0,-5.78,1,0.157,0.0379,0,0.0487,0.523,148.008,233267,4
5Xx5ZhqPXogLLbVhAAoMWE,43,0.34,0.959,4,-5.272,0,0.154,0.472,0.000244,0.307,0.38,170.34,79333,4
38TXGZ4G7c9jBCBrwV1OrB,41,0.709,0.751,9,-8.378,1,0.0454,0.526,0.000592,0.0443,0.964,96.097,221920,4
